Player Name,Shootscore,Shootscore Index
Dirk Nowitzki,3365.567483254928,56.70257160657513
Ray Allen,2338.711937359177,38.12065907778253
Joe Johnson,2343.5629996326356,36.73515658796983
Jason Terry,2399.552228829258,36.32410298294811
Kobe Bryant,2274.6747631806593,35.592634408655066
Stephen Curry,1985.133596923156,35.029280145372006
Steve Nash,1950.829068710858,30.44929658355793
Kyle Korver,1945.478353445003,29.82056851013772
Kevin Durant,1759.3189160193488,29.535646604888676
Chris Paul,1791.9674105222293,28.5539111677617
Vince Carter,1955.458854866461,26.624759977678487
Klay Thompson,1534.7251989048946,26.464618742574437
Jamal Crawford,1922.0045479895398,26.379308590961145
Paul Pierce,1887.9586738263524,26.256674023161153
Kevin Garnett,1837.231826021785,25.883040420363507
Rashard Lewis,1649.2289305402255,23.551402998893742
LeBron James,1587.4800727932327,22.43235418034863
Carmelo Anthony,1591.5763126077195,22.002429325586267
Mike Bibby,1470.7072069048058,21.45030853441823
Peja Stojaković,1417.162403109029,20.76821638015169
Ben Gordon,1298.9405406159442,19.977505038812847
J.J. Redick,1351.4062077000224,19.458365326738193
Tracy McGrady,1365.9364838922784,18.902941275404896
Sam Cassell,1248.395066076619,18.592885473729947
Antawn Jamison,1400.1535566690661,18.517681238063066
Michael Finley,1251.155936092016,18.339339031967935
Richard Hamilton,1346.6079666618955,18.16711333369915
J.R. Smith,1338.5143418380567,17.74000914291295
Chauncey Billups,1360.480731072656,17.662116330085535
Tim Duncan,1433.0285515600353,17.335745547617897
Rasheed Wallace,1219.7475825870658,16.694371079538453
LaMarcus Aldridge,1189.6771226807023,16.37464812430689
James Harden,1093.9755285787955,16.325452783558003
Mo Williams,1202.9442091364178,16.181751810180476
Damian Lillard,1000.0891643684456,15.601123418472929
Deron Williams,1149.4582821094864,15.595049215274386
Kyrie Irving,1018.8187592552838,15.574006385130856
Wesley Matthews,1045.1609085871655,15.567136792058813
Pau Gasol,1337.4090677327351,15.13286194940379
Allan Houston,968.946272589265,14.828452750591063
Michael Redd,1138.38127284564,14.590022152997669
Chris Bosh,1131.5207697575427,14.266161143334847
Mike Miller,1313.8148749954553,14.117762040522472
Jalen Rose,989.5112061200862,14.081168633933082
Jason Richardson,1124.4028082917125,13.978161542934322
Tony Parker,1275.481204064986,13.719578008596766
Cuttino Mobley,1021.9484610729356,13.603342003551086
Allen Iverson,1010.4328007532483,13.42531759291083
Shawn Marion,1215.7137217954596,13.299406524981848
Paul George,961.131843746253,13.28118145185864
David West,1154.8174794862596,13.226657592936256
Elton Brand,1216.4867950686885,13.169803754967026
Wally Szczerbiak,995.3666535134688,12.940394890336469
Rudy Gay,1025.3869998537941,12.892745516033374
Kevin Martin,1004.3073192771058,12.614228414609876
Jason Kidd,1047.469627966185,12.034245820867833
CJ McCollum,792.5961982663731,11.936597925864444
Ryan Anderson,910.8749754203747,11.907651308783398
Bradley Beal,821.6375152979018,11.814364401461265
Raja Bell,967.8790341971439,11.61886872720992
Kyle Lowry,988.9141247636816,11.540530308533619
Kemba Walker,835.1664583339825,11.49195235561479
Kirk Hinrich,1005.668588060824,11.439306438313738
Kevin Love,880.8342870106146,11.219436258832435
DeMar DeRozan,848.1068445981455,11.074096952781685
Mike Dunleavy,1054.5841710309696,10.954742846742086
Al Jefferson,992.0396102458824,10.837940051635362
José Calderón,961.1128491665434,10.69091074821632
Nick Young,885.5957872577817,10.660757010873484
Shane Battier,976.712927496425,10.641983220987703
Derek Fisher,1020.0410600387874,10.517899526751478
Hedo Türkoğlu,1036.9644983924645,10.4558637140579
Dwyane Wade,1030.1167799121802,10.38072894959755
Channing Frye,905.2006881725434,10.302221487971176
Reggie Miller,720.887174259233,10.260797041828884
Arron Afflalo,870.2745058208758,10.236901221558185
Serge Ibaka,814.0805001258828,10.204675642332843
Danny Granger,787.9628192413988,10.06210339275524
Manu Ginóbili,1052.8151006161456,9.899003391741106
Marc Gasol,820.9194864830109,9.86123710192471
Isaiah Thomas,744.1995527542381,9.807359294870142
Khris Middleton,718.6659300574903,9.770040948355797
Anthony Morrow,739.0210108787618,9.430039977605437
Eddie Jones,789.3506828448317,9.415639483821897
Jrue Holiday,754.9380359301979,9.37966833688895
Courtney Lee,796.3559237190805,9.358260591589278
Marco Belinelli,823.5438725818212,9.27256042028701
Latrell Sprewell,669.6324703996218,9.211709596159462
O.J. Mayo,693.1651615196239,9.204537400139744
Ricky Davis,789.0158118845401,9.1329607285694
Al Horford,834.3402776159173,9.084995652575238
Brook Lopez,797.5806368815864,9.056894850410119
Eric Gordon,794.5026569253007,8.977107541525074
Jameer Nelson,921.915496063216,8.971253005163774
Kawhi Leonard,716.3921588192469,8.94914159666785
Gilbert Arenas,817.2374592347235,8.829074225891263
Mike Conley,804.653309042958,8.655582463547242
Zach Randolph,1045.6443385916837,8.640932024778806
Nicolas Batum,757.4644045720069,8.501690964755634
Russell Westbrook,750.1927765984946,8.492643353591395
Brent Barry,775.1826908645428,8.473638827954817
Lou Williams,860.226813766903,8.422095775926488
Glenn Robinson,810.0353489652279,8.293119799399499
Monta Ellis,807.0632775202181,8.2705850383811
Jarrett Jack,832.4692628004597,8.075403332855439
Gordon Hayward,700.4365480679159,7.962661249951233
Danny Green,688.9725692601124,7.922168496553209
Stephon Marbury,749.4667523780761,7.88755799175585
Antoine Walker,712.0873752553503,7.758438395938612
Richard Jefferson,982.1030330622423,7.7531677849701195
Damon Stoudamire,695.6893000873538,7.720375044676321
Luke Ridnour,773.9841848745427,7.6727552548514915
Eddie House,755.6779926092541,7.662195575180261
Darren Collison,682.0372449615995,7.601751140954372
Tim Thomas,724.9030486579084,7.549601818249008
Mehmet Okur,699.9214141341856,7.516459189200507
David Wesley,662.9635075996333,7.49974078878877
Nick Van,621.8919886279715,7.4735909677448165
Randy Foye,729.8466971453739,7.470650646180853
Caron Butler,848.4364762022925,7.462288463275343
George Hill,704.4042288659163,7.275105144447043
Al Harrington,845.029119600573,7.268708993840116
Clifford Robinson,646.2610176560487,7.208274983805285
Tayshaun Prince,838.0537556322269,7.201119378646501
Anthony Parker,505.50127723561434,7.083454841270168
Yao Ming,645.5124801349887,7.018195352746711
Chucky Atkins,699.9273330927338,6.992681575305196
Nikola Vučević,622.9985160592829,6.991549046977063
Morris Peterson,740.6836706466333,6.987369278250816
Matt Bonner,739.0365960363915,6.9561184874034545
Goran Dragić,692.6234078754921,6.937418260008865
Karl-Anthony Towns,455.25610364459794,6.753414358473472
Marvin Williams,788.8874530663213,6.712583303178203
Baron Davis,759.8749834513454,6.6706653030815835
Jeff McInnis,652.7892746900727,6.650965738623731
Andrea Bargnani,644.587487588333,6.472281338876237
Jared Dudley,683.8628692600191,6.3228856880430975
Terrence Ross,549.2998128251289,6.221521375770861
Damon Jones,645.3004778760344,6.1358595138473255
Chris Webber,630.3951621156448,6.105227701349762
Jeff Teague,602.3975655789466,5.911129448804601
Jason Williams,653.4173606328735,5.879035528615755
Patty Mills,610.1772819972653,5.86008124186093
Jamal Mashburn,471.75531120237645,5.856592468945807
Stephen Jackson,786.9179206398504,5.823237727785314
Tim Hardaway,618.1966700485607,5.776671306220593
Marcus Morris,570.4755343401187,5.776602280354657
Tobias Harris,569.4243066384927,5.769203939685054
Luis Scola,609.0732507002928,5.7586052411438216
Wesley Person,498.07040395103326,5.735892921538032
Anthony Davis,527.6470578549716,5.734762585220957
Harrison Barnes,528.0744430851884,5.726012307901892
Gary Neal,529.4267904808886,5.654451719162551
Juwan Howard,775.5815096135301,5.607244263974475
C.J. Miles,745.0706629449028,5.582455746705515
Bruce Bowen,626.3132541884348,5.57620824947431
Carlos Boozer,707.9844200733728,5.476129612914155
Wayne Ellington,587.6059293215313,5.474775053470897
Rafer Alston,602.1967066630841,5.399562493541233
Steve Blake,721.106023933245,5.379596672262594
Keith Van,514.1068733396099,5.375302413001891
Kurt Thomas,742.3502312513978,5.346983790203877
Otto Porter,470.7142006323936,5.337944403882407
Shareef Abdur-Rahim,584.6711426716711,5.217165739327642
Avery Bradley,577.7388647535079,5.21283513021144
Brandon Knight,477.119011816924,5.187301012942768
Tyronn Lue,607.3589055663673,5.176062656837203
Victor Oladipo,456.1899839636569,5.110178458193628
Ersan İlyasova,597.1325306846245,5.088349535746118
Patrick Patterson,560.0107933064362,5.04198544683176
D.J. Augustin,593.6713180294444,4.964679855342315
Gerald Green,660.468044666662,4.963210093628013
Brandon Jennings,534.9113835419374,4.94349154768247
Leandro Barbosa,732.6406205496905,4.939554239281253
Rodney Hood,407.71684468431187,4.938688785444956
Blake Griffin,548.5215910186655,4.88386712199653
Raymond Felton,694.3411441311648,4.8696991218964225
Markieff Morris,513.5598353587125,4.836991001303392
Vladimir Radmanović,662.4605167928378,4.765169078088444
Chandler Parsons,503.4613523383482,4.738779239531949
Jim Jackson,470.85343335382663,4.717342798106952
Devin Booker,352.09602725670953,4.641269274492197
Bojan Bogdanović,390.60357661345125,4.607727384183084
Nikola Jokić,348.7431852195106,4.584447548768252
Thaddeus Young,612.711498672904,4.534644964644048
Gary Payton,596.8101992018438,4.462634427622681
Luol Deng,704.6701352494752,4.380099807759199
Paul Millsap,638.6086151843231,4.343969344967622
Ty Lawson,470.7838275737709,4.31622505295467
Amar'e Stoudemire,705.538564061599,4.300607450299491
Evan Fournier,459.9508196201348,4.29847225373869
Jermaine O'Neal,739.6229797742474,4.285595659763245
Mario Chalmers,503.9038643632671,4.282333773294335
Michael Jordan,305.5786331131069,4.2674082940822045
Kentavious Caldwell-Pope,412.38944029805896,4.231641581791306
Anthony Peeler,423.57395837344393,4.225163833838123
Marcus Thornton,467.8105195904457,4.196652978791833
Michael Beasley,543.8648864204558,4.124258817269744
Andre Miller,801.5060747192666,4.108810080737158
Jason Kapono,494.86040427848076,4.105779498342496
Jordan Clarkson,366.8115973423277,4.085813439371236
Karl Malone,376.95158785783366,4.057733229621358
Wilson Chandler,554.6329594282062,4.055856670839724
Jodie Meeks,502.9359555273244,4.054344461425776
Nate Robinson,569.1473952157786,4.013377378449173
Joe Ingles,357.51323642348217,3.9301282773733304
DeMarcus Cousins,512.4836802951517,3.88942224472271
Andrés Nocioni,452.07641941393086,3.884383837975539
Buddy Hield,268.1366604110851,3.8193476634147148
Allen Crabbe,397.30865303678587,3.8145380095606494
Steve Francis,511.63204482609797,3.740145909293154
Voshon Lenard,432.2330964364955,3.645691785766411
Evan Turner,491.4860332062854,3.6002629802023542
Greivis Vásquez,442.6856897819403,3.581462559974226
Pat Garrity,509.166795673587,3.529609946913993
Derrick Rose,473.3852055639446,3.4951598663958077
E'Twaun Moore,457.83393715859165,3.477113173486783
Trey Burke,373.23155997869264,3.4636124071039256
Kristaps Porziņģis,291.63590862136664,3.411765702977164
Gerald Henderson,440.12631951556045,3.4054214206246733
Robert Covington,370.91750413848257,3.3889060757134155
Brandon Roy,345.70504935539714,3.324838417064644
Gordan Giriček,396.4914588637816,3.3050159214267785
Danilo Gallinari,476.49013831342944,3.2695163281374624
Andrew Wiggins,324.9119061780963,3.2322008552954253
Darrell Armstrong,487.0098347579453,3.210175104858372
Troy Murphy,573.5135473088689,3.1592522595930164
Daniel Gibson,369.98573760236167,3.093927964761299
Josh Howard,488.771040785913,3.083144297904521
D'Angelo Russell,275.8173010162976,3.0747119412803374
Beno Udrih,605.6373262070847,3.03156908788257
Bobby Jackson,508.1527969591818,3.010665676302101
Mike James,618.2514782891363,2.9612138810445177
Boris Diaw,643.4687408347805,2.909066940793358
Nikola Mirotić,308.28366845536146,2.9064921694146433
Reggie Jackson,431.66958341976624,2.895490391704361
Martell Webster,485.7588974950287,2.8487607129517207
Rasual Butler,607.3825755473442,2.816203267786875
Jamal Murray,215.1086738396931,2.7505625232089264
Charlie Villanueva,520.3730732069005,2.715695230292468
Trevor Ariza,650.9764463555828,2.712391560386571
Gary Harris,300.1343362419336,2.6882068534116805
John Stockton,262.6817332395443,2.662209647230789
Jeff Green,489.1976528922124,2.653698030047025
Mirza Teletović,378.78460951296256,2.6386864361016737
Jon Barry,371.2893430689573,2.550592315663881
Steve Smith,331.3572594223713,2.4852490936411917
Dion Waiters,367.9758751886999,2.464106135021997
Kerry Kittles,289.2241586753363,2.4332545805696233
J.J. Barea,555.2516829575168,2.418317132835154
Anthony Mason,248.88399310891822,2.4096781381028043
Jimmy Butler,407.9850423210845,2.4016448302121924
Metta World,705.6396798499363,2.380018787231598
Jordan Crawford,339.739801565248,2.3301214127101453
Patrick Beverley,361.7635237867022,2.308204413863381
James Posey,505.37627901803256,2.3078894355943635
Quentin Richardson,582.9390872626227,2.298923902297887
Aaron Brooks,470.8847413403207,2.255472557056976
Derek Anderson,436.31433987735045,2.252277930009755
John Wall,442.85611121603614,2.242641656406967
Earl Boykins,503.6370960200404,2.242227171195485
Lamar Odom,587.2358059498384,2.2353478416350896
Zydrunas Ilgauskas,502.364605979237,2.226429717037352
Troy Daniels,314.92304976849505,2.1646380824950686
Tony Delk,350.25594727249353,2.121381038759548
Bobby Simmons,448.14984315374613,2.094790481939425
Alvin Williams,355.24430360814387,2.0914144610394385
Lamond Murray,306.26198035869373,2.0746060339873953
Wesley Johnson,417.82541377279676,2.0467068918358198
Donyell Marshall,452.9291435298011,2.0303279349328855
Brad Miller,530.6835399071607,2.0047977233509333
Luther Head,283.78219149851805,1.9914890504622196
Roy Hibbert,401.4082291600609,1.9808153322634716
Josh Richardson,220.08193370440972,1.9697096496110884
Shaquille O'Neal,501.43555453655273,1.941621173021716
Carlos Delfino,349.6050166764644,1.9288105110137796
Tony Snell,302.1977857664313,1.9229120369806951
Jonas Valančiūnas,341.24004786341476,1.8985363213950894
Delonte West,349.9245072614684,1.8799948223499419
Hollis Thompson,255.8794046121934,1.8577885057437413
Steve Novak,458.8949431237085,1.8485544387258122
Donovan Mitchell,127.19430516302162,1.8058061855532794
Andre Iguodala,587.482974069655,1.800351905997918
Bogdan Bogdanović,124.06869413716771,1.7410150378292704
Myles Turner,210.00759784633226,1.740982530057145
Zach LaVine,252.26781350631524,1.7260099457751406
Dario Šarić,165.14334630687165,1.7212372291707148
Kyle Kuzma,121.43375118749061,1.686395004663044
Antonio McDyess,429.5502426420582,1.6591091050394884
Terrell Brandon,167.51942588734468,1.6429995488793612
Jerry Stackhouse,570.2388021080599,1.6044151251395316
John Salmons,538.3741301418137,1.596244470944109
Chris Whitney,248.93038033675697,1.5944695827145574
Willie Green,490.75681673782367,1.5789809522159541
Troy Hudson,400.5857608660585,1.5789481885902976
Anthony Tolliver,447.68845039386076,1.5764762272249566
Jae Crowder,328.5756099092607,1.5739778674971718
Juan Dixon,345.1363671628321,1.5493159686825515
Yogi Ferrell,156.77942489557933,1.5491929212975712
Dennis Schröder,283.31106814532706,1.5200808115347173
Fred Hoiberg,276.6974245840496,1.5166789921635269
Doug McDermott,242.68722866342438,1.5060535134014756
Lucious Harris,282.81491399668874,1.5059445030982705
Eric Bledsoe,406.1202753562873,1.4598990570386652
Roger Mason,409.7396766920713,1.4552801960593351
Juan Carlos,105.11732985984955,1.4431623561275628
Jumaine Jones,353.32158340869216,1.4309382856779078
Rashad McCants,217.1232173182182,1.4246730457112593
Frank Kaminsky,194.01153714265752,1.4208273713081705
Spencer Hawes,422.4000313452167,1.3641109746554143
Denzel Valentine,146.51620544778834,1.3438113658302482
Rudy Fernández,173.26915272370368,1.3432727509027091
Daequan Cook,247.8061549994384,1.339117761755507
Rick Fox,237.40765812338992,1.333862646573062
Ben McLemore,268.5514548624264,1.3018980348309515
Jarvis Hayes,286.9766370587659,1.2934495270646993
Grant Hill,473.2674897231883,1.292729897176602
Langston Galloway,228.9764246354265,1.275709403609188
Jayson Tatum,97.85728136776092,1.197675670662288
P.J. Brown,380.01429474392853,1.1923138507425195
Matthew Dellavedova,264.39956775000246,1.1473197731321725
Walt Williams,183.9004151164035,1.146874701977588
Larry Hughes,447.8913771013015,1.145785251606757
James Jones,561.8258847177965,1.1014874648388386
Terry Porter,138.32501542334313,1.0845096325818975
Rodney Rogers,261.49186213419256,1.0697603846112558
DeMarre Carroll,382.55234949286177,1.0491582648304152
Brian Grant,297.4103322386843,1.027562840703561
Brian Roberts,255.95868585055706,1.0255750767593608
Jeremy Lamb,299.39034180672087,1.0072614348887647
Taurean Waller-Prince,128.83754264243225,0.9905232270216439
Kelly Olynyk,255.3478251007833,0.9776472712735145
Chris Duhon,348.37604646288065,0.9611725605944166
Lauri Markkanen,86.15906182156922,0.9551819424101853
Howard Eisley,294.4854177801363,0.9502170107418612
Maurice Taylor,288.322041972777,0.9032591595613401
Ryan Gomes,308.34724396876675,0.8940117154825459
Tyler Johnson,211.56267456538916,0.8882724574449633
Mike Scott,288.73365569278513,0.8322708802973273
Šarūnas Jasikevičius,113.74813766025733,0.8206371822174783
Eric Piatkowski,368.13000413733425,0.8143059104551676
Luke Kennard,78.21514867575401,0.7905116600622416
Predrag Drobnjak,202.82738925880693,0.7877732925309586
Dell Curry,122.55175299703195,0.7783812421388604
Ron Mercer,247.8621096022343,0.7735086631862356
Bobby Portis,158.9689314355647,0.7169222886005109
Matt Barnes,543.4306366104455,0.7101175987176276
Austin Rivers,285.97654504932063,0.7013681777951097
Bryon Russell,239.9497775369,0.6935938930267209
Danny Ferry,157.3841072653532,0.6414797141174804
Charlie Bell,256.7383091872561,0.6289725709639018
Brandon Bass,446.5487697864151,0.6230119896061619
Salim Stoudamire,142.5695332889505,0.6208173000910477
Jaylen Brown,111.15608258337899,0.6169542016123442
Rasho Nesterović,389.05911552412124,0.6148664226351516
Francisco García,377.57732134060814,0.6139636502389694
C.J. Watson,380.09287661035114,0.6090010980323285
Marreese Speights,389.98555934745315,0.5681311433466973
Joel Embiid,108.89034290841963,0.5658379051841151
Toni Kukoč,273.6328453912202,0.5608200064846256
Miloš Teodosić,66.55882768252852,0.548886451697035
Seth Curry,199.6406329176362,0.5463738713225127
Álex Abrines,108.36046124927613,0.5388238468631159
Aaron McKie,311.92596417203356,0.5367650242172216
Trey Lyles,150.10182212081943,0.530145677418735
Malcolm Brogdon,107.74065635798398,0.5258577581313556
Dillon Brooks,64.59566468384914,0.5081918218145485
Dāvis Bertāns,106.22187072671605,0.5029388280787801
Charlie Ward,233.77876964616758,0.4997410016952428
Will Barton,277.50403334551265,0.4937198236491732
Joe Harris,191.07554541609574,0.49278688878508636
Chris Kaman,487.42203262006245,0.45830580082051453
Matt Carroll,330.265603266601,0.4570758447929266
Mark Jackson,190.732740104933,0.456378698998382
Raef LaFrentz,344.17751519006436,0.4200021116903172
T.J. McConnell,144.6233078342366,0.4154007106239325
Adam Morrison,92.75290975232751,0.41004266161259834
Courtney Alexander,144.71924839503237,0.3926534091787245
Jerryd Bayless,378.81957593491995,0.3831173262025268
Devin Harris,516.8620276734903,0.37354411234980744
Drew Gooden,526.5853323048742,0.31453156256845316
DeShawn Stevenson,480.08240638558374,0.300041538914798
George McCloud,97.93388682944286,0.2991709037084912
Bryant Stith,98.15467383985475,0.2976390698317978
Michael Olowokandi,299.9234217422229,0.2934924012284107
Tyler Ulis,95.81141948561324,0.2858818169975398
Steve Kerr,139.69470434759143,0.28363265808342186
Hakeem Olajuwon,95.53854971657228,0.25265922611566305
Bryn Forbes,92.99081750047708,0.2482716019235971
Travis Best,218.78940070546028,0.23603701485824968
Nenad Krstić,243.87392870925163,0.23585891890831268
Sasha Vujačić,359.68052513868537,0.2292349568832387
Brandon Rush,314.7465824309031,0.22893188298352074
Travis Outlaw,398.03882197182025,0.22544224237185573
Jay Williams,54.031287681194065,0.2208190136285816
T.J. Ford,279.6432763778557,0.2084989232324036
Nik Stauskas,178.5277201705121,0.2078766580955092
Bryant Reeves,52.41757152983232,0.20378137204474758
Jeremy Lin,333.32347903347164,0.20148225554667365
Jason Smith,372.0867479795469,0.19472275198330458
Greg Anthony,92.0055113380304,0.1861151880092366
Scottie Pippen,177.1366387294157,0.18054419093859997
Sean Elliott,49.948723518486524,0.15603433187756216
Walter McCarty,249.0179154824598,0.1558750219800461
Josh Hart,47.117504349944525,0.1458850412296073
Kent Bazemore,258.4295646323773,0.13543702989916728
P.J. Tucker,295.12510301909066,0.13465864755143486
T.J. Warren,173.9550158078872,0.1150041170805376
Mahmoud Abdul-Rauf,47.78970050734192,0.11427924693055276
Matt Harpring,365.6019603545786,0.09803145900524535
Trenton Hassell,317.8438125287197,0.0957230833959003
Dorell Wright,382.706224323024,0.09210658174555575
Mario Hezonja,128.3066846470818,0.08442163049501078
John Starks,86.38757204489539,0.07149125009144214
Joe Smith,400.76245604780644,0.06251495840887122
Mark Blount,347.686877569038,0.04299360425901411
Mitch Richmond,84.64117289467603,0.03814803712661319
Jordan Farmar,348.2342298268737,0.030298395408720258
Carlos Arroyo,312.7116677852552,0.01851841467344606
Olden Polynice,42.735866226943756,0.01653907528955687
Chris Gatling,83.51328562841869,0.01408954636275539
Caris LeVert,82.2847720912968,0.012469347631095598
Darius Miller,168.03256440298486,0.012336225209313767
Tyler Dorsey,40.27162104135127,0.003975944710722777
Justin Jackson,39.73597694895315,-0.007127482821043626
Marcin Gortat,394.43214354738234,-0.009147149894186635
Malik Monk,39.35973218142167,-0.014926703553206792
Jorge Garbajosa,73.25648593323434,-0.01763193025377352
Matt Bullard,81.52101573605239,-0.025327928717344794
Kelenna Azubuike,151.4209525709328,-0.026144855512996945
Johnny Newman,79.80181973677624,-0.05587445743083175
OG Anunoby,37.14939566276335,-0.06074502154465876
Allan Ray,33.56855908397312,-0.07032316964517876
Ben Simmons,36.110175325252335,-0.08228713854147068
Corey Maggette,470.9329437833663,-0.08722414554461422
Terry Rozier,119.27530506837546,-0.08934756828137591
Raül López,76.58784463784554,-0.09660851798877812
Elden Campbell,203.06848904494683,-0.10762716257213023
Larry Johnson,36.21566023471526,-0.1095604399412542
Mookie Blaylock,77.05392376236682,-0.11216141615339004
Tomáš Satoranský,74.75164524305633,-0.12842033305119172
Vincent Yarbrough,35.55476609995917,-0.12903119111134742
De'Aaron Fox,33.78922842802899,-0.13039831169568458
Arvydas Sabonis,77.19752213357933,-0.13074418523439735
Roshown McLeod,34.685188591527265,-0.13915946373138258
Nemanja Bjelica,117.1583460486698,-0.14742023407435786
Justin Holiday,202.547990393691,-0.1694263956813934
Mario Elie,32.494472528308464,-0.18152748613888087
Hubert Davis,157.5427372132419,-0.18511514453037436
Michael Dickerson,114.74618603308042,-0.18724302347756927
Lonzo Ball,30.93412472416452,-0.18958208226544387
Josh Jackson,30.919043034623975,-0.189894712329411
Kareem Rush,224.2199878464111,-0.1917918862907977
Sam Perkins,31.879729332900933,-0.19341649992536628
Trajan Langdon,72.34531109214268,-0.19974123998144186
Isaiah Canaan,197.6126848800989,-0.208667724118769
J.R. Bremer,75.2940655152702,-0.20886427675684804
Doug Christie,275.86883367506454,-0.20908547706155023
Shammond Williams,196.52698011682872,-0.2165562996638375
Khalid El-Amin,29.897942486396886,-0.23174387193367696
Isaiah Rider,70.4373549195214,-0.23968536531854429
Dan Majerle,69.68207880272104,-0.2462083551603807
Dragan Bender,68.06847274950687,-0.2655557000840988
Žan Tabak,28.13923485094252,-0.2657569354055756
Maxi Kleber,26.703478254965148,-0.27727963582749243
Dennis Smith,26.67191482701371,-0.2779339177282671
Quinn Cook,67.21723990893342,-0.28737666343211477
Kris Dunn,66.68688352930434,-0.29667775971622146
Jimmer Fredette,180.46183337193256,-0.30683250900356085
Fred VanVleet,65.86509288169842,-0.3086673881801827
Brian Cook,298.2246256249765,-0.3112713836167521
Christian Laettner,191.0222831047488,-0.32266439076673076
Cedi Osman,24.41540590559953,-0.3247093487267381
Omri Casspi,308.2906933218424,-0.33112393132111795
Royce O'Neale,23.177679708808146,-0.3503663163387837
Gerard King,23.746577810700323,-0.35071006786948294
Smush Parker,173.46310042404008,-0.35245592800778436
Frank Mason,22.556245715054796,-0.36324809252812706
Mickaël Piétrus,323.1079824755189,-0.3645265594674045
Rodney Stuckey,337.1341440074981,-0.37589233241402376
MarShon Brooks,129.9872733026318,-0.37713353874536476
Luke Babbitt,310.01057195895874,-0.37808646030863613
Desmond Mason,345.58269264626534,-0.38305498382197256
Chase Budinger,212.9031654164794,-0.3852552686879369
Chris Carr,21.851334137082546,-0.38736371175317574
Jamil Wilson,21.256025989028316,-0.39020049564093506
Tyler Cavanaugh,21.12382249211319,-0.39294095701869663
Terrance Ferguson,21.118548404785503,-0.3930502841769166
Lee Nailon,215.87233123111338,-0.39877753462162746
A.C. Green,21.1241304540494,-0.401427689488517
Damyean Dotson,20.659170143043028,-0.40257278859975143
Linas Kleiza,239.6264262709489,-0.4058074825947363
Al Thornton,97.9972867967206,-0.4151552639387621
Ricky Rubio,268.41544131501934,-0.4200870008395344
Eddie Robinson,143.67210587354253,-0.42564421069812425
Sam Mitchell,60.52129456813738,-0.42606290444917994
Shabazz Napier,145.83514612516447,-0.4265366163288715
Jannero Pargo,361.8441732198601,-0.4354463905696643
Sindarius Thornwell,19.055008668460886,-0.43582563491143234
Matt Maloney,60.84748516665338,-0.4365766524538809
Lynn Greer,16.881220215747415,-0.4383416778867192
Sterling Brown,18.722198721441483,-0.44272449029138566
David Andersen,20.13959993316076,-0.4649350168641669
Ron Harper,17.73335509839991,-0.467004625111964
LaPhonso Ellis,99.81197185704359,-0.47286744290750005
Gorgui Dieng,185.96583124633187,-0.47878577442223813
Meyers Leonard,228.08679802197682,-0.47903797924703995
Walter Herrmann,89.84035871491523,-0.47997524011452886
Brandon Ingram,57.84126439312298,-0.4858801955702534
Frank Ntilikina,16.573127815253443,-0.48727282640885206
Mike Taylor,14.868777299846451,-0.4969426027923747
Domantas Sabonis,57.26905710435636,-0.5006236608020398
Eugene Jeter,18.43056779325436,-0.5028002189836348
Semi Ojeleye,15.779595324846497,-0.5037220519793022
John Collins,15.353849125890457,-0.512547393533746
Todd Day,15.189828250297687,-0.5161959394515008
Jabari Brown,17.90613641155431,-0.5205390190878252
Jonathon Simmons,98.21935076694977,-0.5248159426499467
David Benoit,14.68799365483642,-0.5259013228840398
T.J. Leaf,14.703354978149397,-0.5260315609721365
Erick Strickland,179.04878069980293,-0.5415726412352169
Mike Batiste,13.738131486951122,-0.5421259423359963
Donatas Motiejūnas,180.3836909709616,-0.5427385848175674
Iman Shumpert,257.48252470540245,-0.5446187259500852
Malcolm Delaney,55.10364764795115,-0.5458425118999641
Hersey Hawkins,13.654960268302604,-0.5458799875787476
Paul McPherson,13.61083940364442,-0.5467332765164885
Keith Bogans,366.88305030152173,-0.5480337111055745
Daniel Theis,13.526434885416466,-0.5504280719125155
Zach Collins,13.047086883969065,-0.5603645313491153
C.J. Williams,12.992459343838497,-0.5614969118638763
Anthony Johnson,320.53278496270235,-0.5616966111314973
Ivan Rabb,12.873785242150667,-0.5639569208636749
Will Solomon,49.663258570243244,-0.570841753109858
Loy Vaught,12.287061360202165,-0.5723348863046183
Chris Mullin,12.033797504026598,-0.5772329600046349
Vernon Maxwell,11.911857205911375,-0.5795912616438404
Marquese Chriss,53.63722794350409,-0.5810240583249145
Kevin Séraphin,253.3118928047194,-0.5854740254665444
Juaquin Hawkins,11.399911989120993,-0.5863997828663247
David Noel,10.103747298245436,-0.5878104153794168
Maurice Evans,274.71718873712814,-0.5900780631732867
Cedric Ceballos,11.332305396935386,-0.5907996808640489
Pablo Prigioni,138.91781793006456,-0.592780176162359
Jarrett Allen,11.272845122489352,-0.5971429913415044
Luke Kornet,11.220740382805861,-0.5982230764378358
Joe Crispin,9.955004839499168,-0.5991693328058643
Melvin Sanders,6.498189245546038,-0.6160546951810176
Jerome Kersey,10.024049663147307,-0.616101092203696
Skal Labissière,51.54874754895202,-0.6185073834726262
Detlef Schrempf,9.52988621596421,-0.6256581171211368
Enes Kanter,259.5843531300288,-0.6262914002024595
Nick Fazekas,8.852354093463386,-0.6304595860010467
Rob Kurz,8.793621080614747,-0.6309024460290407
Casey Jacobsen,130.1911430885661,-0.6350953253255864
Andrew Nicholson,177.97504915626104,-0.6355834574413652
Derrick White,9.217099116774838,-0.6397567849445972
Jason Thompson,248.63021002644962,-0.6405736099489855
Dana Barros,92.66085508617975,-0.6426407983360833
Dragan Tarlać,8.565227254464844,-0.6443144337395252
Pero Antić,52.954180686380546,-0.6461814006851294
Joe Alexander,7.889154153793713,-0.6508463360883844
Hanno Möttölä,48.83198257382058,-0.6528266792096629
Alec Peters,8.537431431064027,-0.653845693981541
Andrew White,8.53302341332053,-0.6539370682844939
Corliss Williamson,249.5028106529758,-0.6578536496097085
Chasson Randle,8.625161404201323,-0.6673501996044986
Jordan Bell,7.829006785257035,-0.668530709326747
Gerald Fitch,3.8260549060303948,-0.6700773926402744
Abdel Nader,7.543632575712245,-0.6744462638900943
Glen Rice,226.53900088943075,-0.6758395313906851
Luis Flores,6.924965658560987,-0.6803190620528093
Uroš Slokar,5.76727847085623,-0.6834458430227343
Chris Taft,2.8737781826219315,-0.6893296272923364
Lionel Chalmers,6.44713659247873,-0.6906384294664327
Sean Singletary,6.081767644790953,-0.6906999965831747
Rodney White,127.9403694039209,-0.6913983265769035
Damion Lee,6.723124913926068,-0.6914546608671128
Boštjan Nachbar,191.41733580930082,-0.6918558896662003
Bryce Dejean-Jones,8.96961541228426,-0.6927171806835135
Vítor Faverani,8.03008923522167,-0.6954733232774961
Myke Henry,6.515553825347276,-0.6957574256552129
Ante Žižić,6.422150372471878,-0.697693596491291
JaJuan Johnson,6.941022932776569,-0.6982207467095188
Chris Porter,5.47037612733256,-0.7041682523624437
Kevin Edwards,5.367828986100172,-0.7061514941209284
Sergei Monia,2.0306717747619896,-0.7063747592395702
Antonio Blakeney,5.980160447420406,-0.7068556560980873
Nicolás Laprovíttola,6.579474042575742,-0.7085552083281578
Bill Curley,5.228943043476994,-0.7088375212277453
Johnathan Motley,5.868706831219155,-0.709165990830061
Torrey Craig,5.852323730756794,-0.7095055979895746
Anthony Grundy,1.8709491829110592,-0.7096038802943653
Boniface N'Dong,1.8052191497492038,-0.7109327482494597
Tyrone Wallace,5.6486297395646226,-0.7137279939834009
Charles Jenkins,41.605734684365956,-0.7147018722105085
Jawun Evans,5.577162970768818,-0.7152094367912568
Guerschon Yabusele,5.498613406518677,-0.7168376996745428
Calbert Cheaney,208.48246139514882,-0.7187578531974989
Ronald Murray,234.23971732351774,-0.7202559756133778
Sheldon Mac,5.945265234168701,-0.7213296820689876
Otis Thorpe,4.490732417306001,-0.723114371101714
Jerian Grant,89.18510252139211,-0.7239937333888632
Derek Strong,4.4351897423862,-0.7241885556275337
Ken Johnson,4.109290864593553,-0.7244466160801932
Jamel Artis,5.034135722565374,-0.7264659106024532
Kelly Oubre,88.5866856767179,-0.7271733065496946
Antonis Fotsis,3.4151222998716033,-0.7272564477823028
Andre Ingram,4.9438790525726715,-0.7283368514169702
David Vanterpool,4.116599191856707,-0.7303500348855158
Efthimi Rentzias,3.7431189453725855,-0.7313800272391191
Matt Walsh,0.7195359479350966,-0.7328820695395084
Derrick Zimmerman,0.7195359479350966,-0.7328820695395084
Sharrod Ford,0.7091449557056972,-0.7330921448419396
Randy Holcomb,0.7091449557056972,-0.7330921448419396
Malcolm Miller,4.6717639368805335,-0.7339775567104028
Ryan Arcidiacono,4.65250085281763,-0.734376863378704
Igor Rakočević,3.438952473658855,-0.7371393744158162
Brian Shaw,86.75102644727563,-0.7385667395410287
Norm Richardson,2.825738801663704,-0.7387998404109525
Gary Forbes,41.9149185565103,-0.7389159181990195
Sherman Douglas,3.6259714286408826,-0.7398386803629797
Brandon Paul,4.244709220435819,-0.7428300226732284
Robert Whaley,0.14253946033448273,-0.7445472415421825
Josh Magette,4.114044241587708,-0.7455385919343666
Gary Grant,3.276141706110444,-0.746604319129147
A.J. Hammons,4.624483147952997,-0.7479333745028718
Aaron Miles,-0.02794125312566309,-0.7479938601757221
Don MacLean,3.1164848999659474,-0.7496920506950081
Billy Owens,3.089096565755317,-0.7502217357495994
Alex Caruso,3.860262214964113,-0.7507992685318888
Adam Harrington,2.7170409793943104,-0.7508086618388918
Scott Burrell,3.048765453732832,-0.7510017316087512
Dwayne Bacon,3.84937672087478,-0.7510249151813783
Desmond Penigar,4.205518454276937,-0.7515793618688542
Martynas Andriuškevičius,-0.3203094927040001,-0.7539046861098325
Dakari Johnson,3.60184482766274,-0.7561560320499986
Jud Buechler,43.55863161604976,-0.7585586079854048
Pavel Podkolzin,-0.612240936241433,-0.7598066813126357
Jalen Jones,3.2916313095838152,-0.7625864834752027
Shawn Long,3.887208448009594,-0.762783840420968
Alfonzo McKinnie,3.1925958590803503,-0.7646394006329706
Andreas Glyniadakis,1.9993734889588817,-0.7665423020557598
Derrick Walton,3.0808113008142066,-0.7669565955007824
Rodney McGruder,44.58878928882333,-0.7674643578866174
Tyus Edney,2.164573155778545,-0.7681018386108529
Khem Birch,2.9643085941007685,-0.7693715934063056
Jermaine Taylor,6.389408888014749,-0.7695833326847618
Jim McIlvaine,2.0634384143703395,-0.7700577648315535
Elfrid Payton,129.83464707799038,-0.771627017849096
Gian Clavell,2.82453579284489,-0.7722689597577357
Kasib Powell,2.2347909155786816,-0.7730070088808395
Kyle Collinsworth,2.696426052156225,-0.7749245611954021
Chris Herren,1.7728192977180637,-0.7756782820008481
Marcus Smart,128.51912637559488,-0.775703402466321
Paul Grant,2.973650461786736,-0.776475831264847
Travis Hansen,2.9380185756053514,-0.7771959637540784
DeQuan Jones,5.047429325307094,-0.7777461595043907
Danuel House,2.544867210638838,-0.7780662417207165
David Wingate,1.6436513962797512,-0.7781763640820226
Terry Mills,1.6390798303740075,-0.7782647772771344
D.J. Wilson,2.48983482504868,-0.7792070143232197
Rodney Purvis,2.4780465154914992,-0.7794513755375928
Antonius Cleveland,2.4776297375126433,-0.7794600149758891
Arvydas Macijauskas,-1.6376251248026605,-0.780536933897238
Zabian Dowdell,5.826092243894102,-0.7820641386853189
Jarrod Uthoff,2.907461906272942,-0.7825182659038304
Damir Markota,1.2380583921946573,-0.7833321598290934
Aleksandar Radojević,2.1012212729147675,-0.7844943710875201
Casper Ware,3.7849938755046253,-0.7845864312920823
Sam Jacobson,1.2421005410679669,-0.7859422794906885
Nigel Hayes,2.1455909081873648,-0.7863428857691427
Davon Reed,2.077293742369669,-0.7877586255150749
Chris Owens,0.7458489363513567,-0.7881328917708229
Tony Smith,1.1131513370055863,-0.7884361320071652
Leon Smith,0.230831547709186,-0.7896224938418801
Dan McClintock,1.0180603245472657,-0.7902751736859241
Jamie Feick,1.0146349497054266,-0.7903414197688784
Jonathan Isaac,1.9274370376547125,-0.7908650222523232
Eddie Basden,-2.2265328935661417,-0.7924429169733292
Terry Davis,0.8699758270241809,-0.793139099054711
James Robinson,0.8434924683094718,-0.7936512820592954
Mike Penberthy,41.9069632037928,-0.7937126033099859
John Holland,1.771051345013431,-0.7941067591255397
Kim English,4.074496000939002,-0.7983688183082166
Walt Lemon,1.563284664837656,-0.7984135783541795
Omari Johnson,1.5329683521920137,-0.7990420086594296
Michael Hawkins,0.5618963873704935,-0.7990972954735378
Noel Felix,-2.561167492188418,-0.7992082443797529
Ratko Varda,-0.3149837811712895,-0.8003125804546892
Harold Jamison,-0.3282969053099549,-0.80057332514726
Alvin Jones,-0.3765408487372667,-0.8015182087122548
James Lang,0.3876306629437773,-0.8020872859014765
Ivan McFarlin,0.35548470198165366,-0.8027962250973957
Daniel Hamilton,1.3214136418832074,-0.803427350397077
Dionte Christmas,2.886765307451004,-0.8034420594050122
Coby Karl,0.7746216699873303,-0.804460182402926
Jaylen Morris,1.2617813225828183,-0.8046634755505135
Anfernee Hardaway,243.28586110241292,-0.8054991746777221
Darius Washington,0.7093196815166096,-0.8058668376799827
Steven Smith,0.1846650271560567,-0.8065634406135449
Tang Hamilton,-0.6504358734920582,-0.8068825900011639
Vonteego Cummings,41.00340707459425,-0.806954040114101
Jabari Bird,1.121703912632524,-0.8075671561703394
Desmond Ferguson,1.4253657902819636,-0.8077671889228066
Shane Heal,1.4213286000828758,-0.8078487819042383
Ernest Brown,-0.7339186833616829,-0.8085176457076745
Kobi Simmons,1.051916008996411,-0.8090137975906682
Peter John,0.9462690392180362,-0.809437132611889
Tony Bobbitt,0.9454273461240913,-0.8094553101169896
Etdrick Bohannon,0.0,-0.809964262275172
Pervis Ellison,-0.0687395429004134,-0.811293671659977
P.J. Hairston,46.21534603019351,-0.8113080536899837
Sam Mack,-0.939189033331604,-0.8125379758525257
Nate Huffman,-0.5492680929482371,-0.8126557412622989
Adonis Thomas,2.44366943668501,-0.8127435348364191
Keith Langford,0.36467091295116777,-0.8132908383940042
Reggie Hearn,0.8293684726992359,-0.813627010872991
Garth Joseph,-0.2090796098296267,-0.8140078212479389
Ike Anigbogu,0.8061455805346334,-0.81410840085542
J.R. Reid,-0.21844421583262252,-0.8141889309059331
Robert Hite,-0.19756294160653365,-0.8149930031689052
Willie Warren,4.338253120603529,-0.8150286030796133
DeMarcus Nelson,0.4376049003169955,-0.815156245800019
Mangok Mathiang,0.736169450421042,-0.8155589440438852
J.R. Giddens,0.37147735083479294,-0.8166143870959116
Mychel Thompson,2.3838787094981475,-0.8170363733554701
Kyle Wiltjer,1.1687941047203139,-0.8175391705026602
Adam Keefe,-0.4109304781162949,-0.8179115777657857
Marcus Paige,0.5810353902958973,-0.8187747356838088
Roger Powell,-0.3848932405709559,-0.8191243399696816
Oliver Miller,0.8620032438934102,-0.8191529368117979
Maurice Carter,0.8370599169553983,-0.8196570498982101
Jacob Wiley,0.508989512898228,-0.8202681828999744
Kevinn Pinkney,-0.48954634779944367,-0.8214323341147761
Tom Hammonds,-0.6346849322673975,-0.8222389453723951
Peyton Siva,1.9739781884906868,-0.8226033008456888
Justin Patton,0.3756924252284142,-0.8230313134453164
Vince Hunter,0.3754160575536134,-0.823037042302393
Renaldo Major,-0.563430714930877,-0.8230617619575732
Yuta Tabuse,0.31250585946250453,-0.8231241089165028
Brandon Williams,-1.1132634916214852,-0.8233349107602314
Muggsy Bogues,-0.6954494180208137,-0.8234141187037113
Matt Williams,0.3365205847529118,-0.8238433109977554
Victor Alexander,-1.554720468049626,-0.8245934898732453
Eric Dawson,2.0895545330528016,-0.8247101071124083
Monte Morris,0.2924256499390172,-0.8247573599346755
Jacob Pullen,0.2924256499390172,-0.8247573599346755
Steven Hill,0.0,-0.8248056246358237
Michael Smith,-0.7675100696371917,-0.8248077576848833
James Southerland,1.8403604926272565,-0.8254082056016874
Mile Ilić,-0.6750697063789971,-0.825523821092272
Tito Maddox,-1.2367630711023059,-0.825673357040647
Stéphane Lasme,-0.21524163921613404,-0.8257826027466818
Will Perdue,-0.8514364876859015,-0.8264308782800939
Jerome Beasley,0.45740175019059537,-0.8273300700492502
Duane Causwell,-0.89930064551853,-0.8273565617794831
Lance Allred,-0.30390439278582393,-0.8276924669500222
Jameel Warney,0.11446031585972016,-0.8284464236584427
Ryan Reid,1.9441475266923238,-0.8285012148177956
John Coker,-0.9673741773460649,-0.8286730906397267
Isaac Fontaine,-1.7690453828870312,-0.8287911585382024
Jared Sullinger,168.44101670222452,-0.8288064860540674
Trey Thompkins,1.9234060491403007,-0.8290419946422124
Devin Green,-4.067432972868444,-0.8296605023941643
Brandin Knight,0.0,-0.829873097229718
Aaron Jackson,0.04409493481389459,-0.8299050356739128
Treveon Graham,40.851651671832876,-0.8305346931802409
Mickell Gladness,1.8559092763065372,-0.8308017966076313
D.J. Kennedy,1.8201719581372133,-0.8317335537882016
Chris McCray,-0.977856493112615,-0.8322014071620996
Mike Hall,-0.977856493112615,-0.8322014071620996
Malik Hairston,-0.4028167951082029,-0.8336879105851084
Sean Colson,-1.244744526296923,-0.8340373792195341
Jamel Thomas,-1.2569340134829452,-0.8342731215299615
Mike Smith,-1.2645902878955368,-0.8344211923873934
Maurice Baker,-0.29271249480403333,-0.8361946209603845
Luc Longley,-1.3824512526365575,-0.8367006005128718
Geno Carlisle,-0.32035711217069074,-0.836791644004534
Matt Costello,-0.30936999365327367,-0.8372320505219346
Coty Clarke,1.8751839616136896,-0.8373971485123225
PJ Dozier,-0.3203789598010078,-0.8374602566378161
Devin Robinson,-0.3203789598010078,-0.8374602566378161
Pierre Jackson,0.1779812814801458,-0.8374964972139531
D.J. Strawberry,-0.7709942093698734,-0.8377539424233451
Hiram Fuller,-0.08626168310347171,-0.8383176921899674
Chris Boucher,-0.39263676894267063,-0.8389580970112938
Erik McCree,-0.39263676894267063,-0.8389580970112938
Wesley Iwundu,-0.4012407619860703,-0.8391364501651827
Courtney Fortson,1.5295699681668893,-0.8393102412598228
Joe Crawford,-0.6591862340860322,-0.8393409684846607
Erik Daniels,-0.451117573726734,-0.8396155937006781
Nathan Jawai,-0.6790543040634948,-0.8397790680896009
Walker Russell,1.4606828687183615,-0.841106292358445
Dontell Jefferson,-0.7575707449937882,-0.8415103898431431
Slavko Vraneš,-0.2849578990778414,-0.8423334100187142
Derrick Caracter,3.1012736676942083,-0.8424350373463239
D.J. Stephens,1.0199580708330913,-0.8426301060382524
Vernon Macklin,1.3633244469611956,-0.8436446587834638
Guillermo Díaz,-1.0616620570390751,-0.8440151524013214
David Lee,383.92992474701475,-0.8442830154350419
Fred Jones,226.66321991392707,-0.8473192461863072
Mike Tobey,-0.3247697460850944,-0.8476230986024432
Daniel Ochefu,-0.328163564016746,-0.8476914581671077
Carldell Johnson,1.1944750780174092,-0.8480469648323595
Tibor Pleiß,1.2961727250268704,-0.8492051880521199
Kosta Perović,-1.3059498819963211,-0.8492773008617909
Kornél Dávid,-2.078076294633095,-0.8501538534749297
Troy Bell,-0.6805080126639269,-0.8503276117980546
Luke Zeller,1.5619667800217587,-0.85162532783447
Todd Fuller,-2.1575298734775443,-0.8516904702302254
Rubén Garcés,-2.2263950227619165,-0.8530223088180564
Othello Hunter,-1.3181420096477046,-0.8538712306225618
Predrag Savović,-2.7362549742502402,-0.8540660145555206
Andrew Goudelock,35.20906592049865,-0.854251078120785
Caleb Swanigan,-1.1713511543007782,-0.855100156390792
Furkan Korkmaz,-1.2135392350167793,-0.8559746779314613
Mark Jones,-1.2113123478266252,-0.8560330319368501
Walter Sharpe,-1.4220997693698783,-0.856163544547187
Doug West,-2.424882749228636,-0.8568610228274837
Carrick Felix,0.3405309909536165,-0.8568926498981317
Taurean Green,-1.6713457384836148,-0.857148209876651
Josh Akognon,1.2756269575692127,-0.8576946938562598
Darrell Arthur,288.62587566653366,-0.8578173092359318
Rodney Buford,119.2808477382403,-0.8579112851491594
Thon Maker,39.73487400712442,-0.8587894490755408
James Nunnally,0.24793170365361927,-0.8588364955816803
Will Blalock,-2.2132822789370086,-0.859447186631943
Diamond Stone,-0.9335951695357861,-0.8598862906009196
Sun Yue,-1.6197575527553187,-0.8605219848442447
Isaiah Hicks,-1.4330753839871673,-0.8605254678221561
Óscar Torres,37.8575800025085,-0.8609483537231538
Ben Bentil,-1.0527308977787864,-0.8622859675083683
Elias Harris,0.0,-0.8640410817725069
Garret Siler,2.104782879852654,-0.8645132207875521
James Webb,-1.6312795210267144,-0.8646340640026199
Kevin Burleson,-5.801647436561746,-0.8647212184353168
Tony Bradley,-1.6787406463732315,-0.8656178910873205
Charles Cooke,-1.7404106037910352,-0.8668962546738768
Bam Adebayo,-1.7412724795818608,-0.8669141205955225
Branden Dawson,0.4175342465753424,-0.8671236622356296
David Robinson,79.22682911373091,-0.8683539348981244
Thomas Bryant,-1.8229899108537295,-0.8686080505558943
Cedric Bozeman,-2.6347575921192785,-0.8687423005648973
Maurice Ndour,-1.4123752254036988,-0.8695300596092371
Jamal Robinson,-3.1426626185872992,-0.8707427458399843
Shane Edwards,-0.3218920209363569,-0.8707982440975124
Tyrone Corbin,-3.1465128631122266,-0.8708172088199411
Corsley Edwards,-1.9164652545139762,-0.8712617663178569
Damjan Rudež,82.42868169751571,-0.8715135559399817
Roko Ukić,-2.1374623229760203,-0.8719376007327873
Antoine Rigaudeau,-3.7103982588716122,-0.872511273641351
Marko Jarić,231.77297703106836,-0.8725659856086578
Jeff Foote,0.20490935364618823,-0.8738473051086076
Josh Gray,-2.097530874366,-0.8742990415256857
Jamaal Tinsley,350.98309464721194,-0.8746312084138472
Chris Richard,-2.590321054891095,-0.8769436480950287
Andy Rautins,1.5031290709789074,-0.8778434224537419
Semaj Christon,-1.8794009554705227,-0.8789370685405944
Ben Hansbrough,0.2711224742936347,-0.8789865467578554
Keith Benson,0.0,-0.8791897810247141
Duje Dukan,-0.20272388926154017,-0.8797728685550388
Dante Cunningham,288.8385284614686,-0.8804872923634712
J.J. O'Brien,-0.3130247325952336,-0.8820222838289717
Thanasis Antetokounmpo,-0.3755705601393975,-0.8832978093421628
Dennis Horner,-0.20293581637355323,-0.8844808021137911
Michael Gbinije,-2.185523451892172,-0.8851031036699991
Jerry Smith,-0.22879300414664283,-0.8851549607135714
Marcus Cousin,1.1301693998095546,-0.8861066920561563
Chris Babb,-1.0811152701294775,-0.8867358703884424
Jerel McNeal,0.8704639940770673,-0.8870402118341425
Stephen Zimmerman,-2.294333035457676,-0.8872947874649615
Kevin Jones,-0.13253106890210642,-0.8875425383019703
Travis Leslie,-0.38161825419845774,-0.8891394797374541
Horace Jenkins,-2.7868487749387616,-0.8900588801302681
Shaquille Harrison,-2.8812035623684435,-0.8905438821266577
Fab Melo,-0.29033515598729337,-0.8908874127803121
Hassan Whiteside,165.86714218540445,-0.8909648028531276
Wayne Selden,37.686835645977496,-0.8910817594296635
London Perrantes,-2.949727704076362,-0.8919643268817262
Jordan Williams,-0.4903282250022878,-0.8919738081393821
Jerome Dyson,-0.5064577465973499,-0.8923943432644341
Patricio Garino,-2.569519441822668,-0.8928376961652879
Cliff Alexander,-0.8593815627119692,-0.8931643872031425
Milton Doyle,-3.0414787379926924,-0.8938662445365885
Daniel Ewing,31.050093772267815,-0.8960817042789968
Tim Ohlbrecht,-0.5806703119745867,-0.8970414653867127
Vassilis Spanoulis,-3.986881303665271,-0.8985617076741197
Scott Machado,-0.6949519009447487,-0.8994638207093876
Emmanuel Mudiay,80.51293388616878,-0.9006242622797962
Nick Johnson,0.22113952065112485,-0.9010096160442069
Sasha Kaun,-1.2520989303809344,-0.9011732511290586
Erik Murphy,-1.8541059877204984,-0.9029625035907534
Kadeem Allen,-3.551158365788152,-0.9044314517179242
Damien Inglis,-1.4465021890089416,-0.9051378052162585
Sim Bhullar,0.0,-0.9057671563452775
Edwin Ubiles,-1.0695754104738198,-0.9070761647804434
Luis Montero,-1.5632700593738447,-0.9075191055142882
Will Cherry,-0.17740327841125003,-0.9095837660769912
Doron Lamb,39.836180857192204,-0.9103001566553687
Alex Stepheson,-1.724379022224641,-0.9108046738821357
Sundiata Gaines,33.982512830073624,-0.9112130520519804
Chris Garner,-5.245195263626472,-0.9114053180980393
Markelle Fultz,-3.9365194815571334,-0.912419646273277
Kalin Lucas,-0.3249392040222101,-0.9127578170556819
David Wear,-0.36776289937549267,-0.9136791153197107
Pape Sy,-0.26041346570060203,-0.916916353288914
Andre Dawkins,-0.5718026042864279,-0.9180687744646437
Keith Appling,-2.088503248024736,-0.9182304248589062
Tyrone Nesby,35.17344886721172,-0.9184526701159579
Alex Kirk,-0.6213427317687422,-0.9191345683685255
Andrew Harrison,36.39431277941483,-0.920249617797348
Xavier Rathan-Mayes,-4.370494137160662,-0.9214155564447937
Patrick Christopher,-0.9177287876218557,-0.9255109437954268
Drew Gordon,-1.1320767750681908,-0.9301223727508968
Zhou Qi,-5.145432474831787,-0.937479341700776
Zoran Dragić,-1.4843034941131372,-0.9377000902300527
Grant Jerrett,-1.6447138691761158,-0.9411511188920709
Nemanja Nedović,-3.694322980848753,-0.9415923674178514
Derrick Byars,-2.4750614833897036,-0.9437205412394185
Darington Hobson,-2.6144863969758894,-0.947355681508445
Travis Diener,104.8082765792362,-0.9499087623267524
Kevin Murphy,-3.2941406608052124,-0.9545571982500894
Kris Joseph,-3.3298996778149803,-0.9553151597552436
Sherron Collins,-2.04114751534659,-0.9563701781389
Furkan Aldemir,-2.8068674583869293,-0.9661534003496087
Robbie Hummel,37.77751124712812,-0.9679844258505628
Ian Clark,163.54614597689772,-0.9688891550088102
Jahlil Okafor,76.6131804123826,-0.9847226379589357
Vinny Del,31.799370937064356,-0.9891583679243633
Antonio Davis,192.46139220002811,-0.9983756756895903
Danny Manning,72.70242917273549,-0.9987014439039356
Larry Robinson,31.264670444605752,-0.9993904443992286
Robin Lopez,325.67925616888004,-1.003609065513928
Sergio Rodríguez,108.63634485533626,-1.0164383845278429
Norman Powell,74.68017804652725,-1.0242204873716787
Juan Hernangómez,32.020750250839356,-1.0251568478328317
Travis Wear,33.15752450915804,-1.0298328640763268
Chris Mills,70.25625084114658,-1.0380794834634004
Kyle Singler,196.59468374427945,-1.0415637542553737
Norris Cole,194.83314998616095,-1.0422612517647265
Raul Neto,72.63186817070984,-1.0624160854795273
Toney Douglas,236.55742462334402,-1.0664898184193032
Nando De,32.23968035791884,-1.0672767077346517
Cameron Payne,71.99664264342681,-1.0755658482538502
Cory Joseph,240.79860821150194,-1.088058303789245
Chris Jefferies,28.005808187688007,-1.0954617024588715
Paul Zipser,27.833941351070965,-1.1049479279939383
Emanual Davis,66.87763152843061,-1.1115552504782393
Timothé Luwawu-Cabarrot,27.24696078477708,-1.1121196118802463
Sean Kilpatrick,114.9578673266657,-1.114820333148907
Jamario Moon,105.95638008372633,-1.1194406048538696
Jabari Parker,113.6422961084446,-1.129545032416538
Rusty LaRue,25.454111945672757,-1.1317527058433496
Shawn Kemp,66.02132816447799,-1.1344543397179043
Draymond Green,195.20374633767796,-1.13598766041769
Vlade Divac,150.12988035846698,-1.1408362538174732
Horace Grant,107.50233169651334,-1.1442250637100737
Pascal Siakam,25.383811466607717,-1.1519430582011323
Jonny Flynn,27.13924995560735,-1.1654199568350045
Felipe López,21.537961107564275,-1.1862279582440225
Dejounte Murray,23.527371653293176,-1.18906278658215
Sam Dekker,24.076039936232114,-1.1901238824253928
Reggie Bullock,151.2814327439076,-1.1908959445081395
Mindaugas Kuzminskas,23.88265031143356,-1.1910286891848183
Kyle Weaver,24.594101289582674,-1.1933353687931167
Isaiah Whitehead,23.52291930787364,-1.195318405839342
Willy Hernangómez,23.21024855756778,-1.198631553197266
Elliot Perry,20.737318893999312,-1.2026998167406915
Othella Harrington,262.40173368952696,-1.2041864426887443
Aaron Gordon,109.33255179602268,-1.210516714216297
Tyus Jones,65.13281778998727,-1.211316219772027
Ivica Zubac,22.39479934666272,-1.2205821970064479
Darius Songaila,213.32906159025458,-1.223079823321973
Jakob Pöltl,21.660934447224577,-1.226116829951431
Patrick Ewing,66.68389478541147,-1.2272782767881765
Jeremy Pargo,25.22330570078212,-1.234031329949464
Nick Calathes,24.849514119865646,-1.2448192403222291
Andre Owens,14.975171100606774,-1.2521514183777394
Eddie Griffin,137.1797836763035,-1.2578916038726318
Jonas Jerebko,222.06864256912422,-1.2589126976745737
Ivan Johnson,22.237434496143667,-1.2593264483747635
Derrick McKey,17.171435304563403,-1.2696599471957235
Diante Garrett,22.77194769466014,-1.2713580940358655
Dorian Finney-Smith,19.574534820179295,-1.2746530873439483
Malik Beasley,19.206067081545243,-1.275702847913057
Isaac Austin,16.757964653026526,-1.2777642757643237
Marcelo Huertas,21.36604799222795,-1.2812485691920417
Rodney Carney,94.61557724790146,-1.2892548851158052
Patrick McCaw,18.642778320807697,-1.2961792525481408
Jordan McRae,20.38465313163882,-1.3041561781460187
Bonzi Wells,260.5541796486128,-1.3124932744227162
A.J. Guyton,55.77050433701911,-1.3202132666613817
Luigi Datome,20.76585205842977,-1.3229831104198682
Cal Bowdler,14.209629829299974,-1.3281260881511079
Wayne Simien,10.959066101903467,-1.334467900249763
Bracey Wright,10.527452635708315,-1.336276647310885
Jonathan Gibson,16.018478085170294,-1.3454377764259675
Derrick Brown,17.12221098813866,-1.3461753464842543
Jiří Welsch,90.73160338636966,-1.3480876429615902
Rodrigue Beaubois,54.054308969990856,-1.3518368145926547
Jaren Jackson,12.957463047816791,-1.351990925511001
Chris Copeland,102.51263961784558,-1.356511725379854
Alex Acker,9.357646876487458,-1.366468839710965
Shane Larkin,100.2398481736034,-1.3805419689148466
Dean Garrett,11.479269313413392,-1.382471897224337
Oleksiy Pecherov,11.949950102896423,-1.3843862423754014
Eric Montross,11.182556332014418,-1.385819467721114
Stanley Johnson,56.797048024677395,-1.3879033078542797
Dante Exum,56.459606521080374,-1.3925755618671642
Nicolás Brussino,12.961304837516092,-1.411289790944623
Mitchell Butler,10.744837271513605,-1.413853295351359
Chris Childs,51.05597576129771,-1.4166989494051947
Alexander Johnson,9.808338591641883,-1.4193207406464006
Chucky Brown,9.307576052885821,-1.4231770077155463
Cheick Diallo,11.918438852735612,-1.42552435495324
Malachi Richardson,11.860719258594873,-1.4296281841922047
Sean Rooks,93.50347194582915,-1.4305893183287428
Antonio Burks,6.692849627311442,-1.4326856607770164
Quincy Douby,46.913172939882664,-1.4368567332421498
Corey Benjamin,8.813691539626596,-1.4404435192395928
Gary Trent,92.78150095538474,-1.4417477024982128
Erick Green,15.804891190478465,-1.442910897010859
Dan Dickau,161.35631749474905,-1.4430800461418802
David Nwaba,11.041221442473608,-1.4434908860685145
Deyonta Davis,10.37329863862238,-1.4565687367031839
Nolan Smith,12.014789884423678,-1.4612674490294824
Armon Johnson,14.338516776691401,-1.4625980455288734
Troy Williams,10.22583660228161,-1.4640165441599782
JaMychal Green,97.72252298720294,-1.4663190299486315
Bobby Brown,47.66095417659889,-1.4691255024235028
Chris Quinn,127.30794557264883,-1.4733322357192784
Luke Harangody,13.416010107568482,-1.4797385260257379
Darnell Jackson,11.331288677426963,-1.4850111902739378
Georgios Papagiannis,9.217807789964464,-1.4853133691784546
Pat Connaughton,51.28812117100097,-1.491284532989361
Luke Schenscher,3.329628951375743,-1.492404216316109
Željko Rebrača,123.76948175896204,-1.4929495713205265
John Edwards,3.9517128607729526,-1.4969912463910573
Sean May,40.29451124336263,-1.4998049766592807
Grant Long,46.58518797680574,-1.5003484367797233
Donell Taylor,2.7805430948698975,-1.5007535665098515
Bobby Jones,5.865132965386454,-1.5066570055732211
Cory Alexander,6.430663037521845,-1.509178677083367
Dijon Thompson,2.4480695662507985,-1.5097542941580278
Xavier Munford,9.656461971803605,-1.5097741088058014
Okaro White,7.70678446014184,-1.5151917891914821
Christian Eyenga,12.812932806407174,-1.5165801797222371
Eldridge Recasner,4.513772037341023,-1.5169448738404885
John Crotty,45.298662096405934,-1.5202381928314685
Yi Jianlian,86.2317230393306,-1.5223503112435082
Marcus Vinicius,4.970762672253571,-1.523737553092989
Ron Baker,7.208151071711519,-1.5249484034866754
Jeryl Sasser,3.6324145561722805,-1.5291942364005928
Alexey Shved,52.72978433189262,-1.5298608778469267
Rawle Marshall,0.9253469927901103,-1.530642945689293
Julius Hodge,1.2122812923378163,-1.5314815343567685
Willie Cauley-Stein,49.520563192383236,-1.533169562945524
Henry Ellenson,6.591204282202018,-1.536446242000273
Ray McCallum,52.11789117199434,-1.5380063519926828
Kostas Papanikolaou,11.385446256747679,-1.5393640139075921
Arnett Moultrie,9.85725924182499,-1.5399393966465793
William Avery,3.377784596048702,-1.5401390451711023
John Wallace,45.42595737617327,-1.5463283968973598
Gabe Pruitt,4.516846657015247,-1.5470845984805415
Sean Lampley,4.538585182632137,-1.5485049804780233
Bryce Cotton,10.851005766127317,-1.5492449555293204
Justise Winslow,48.04725821316009,-1.5569356176308526
Jackson Vroman,0.7153566271958942,-1.5578011811417678
Donta Smith,0.8553142918238761,-1.5595574098387857
Mike Muscala,133.63526449821438,-1.5619617249291537
Alando Tucker,3.7737573203219372,-1.5629975823211484
Tim James,1.9483554209325615,-1.5665080914401561
James Thomas,0.5133851341096498,-1.5667654710052905
Jermareo Davidson,3.581701900132335,-1.5674999169208867
Jarell Eddie,7.226456169619082,-1.5693483379783344
Alex Poythress,5.0195444274452505,-1.5700906414744522
Brandon Davies,9.125291304303738,-1.5734406759200024
Carlos Rogers,1.4674830332379771,-1.5753807455284865
Yaroslav Korolev,-0.7904664456193762,-1.5766377087952494
Tyshawn Taylor,8.116741745669572,-1.5769323759809877
Dean Oliver,0.8607711506631903,-1.5784818784590047
Cedric Henderson,1.3070369548135086,-1.5785103970183634
Tim Quarterman,4.619462959980422,-1.5788823887671284
Montrezl Harrell,47.131412388230096,-1.5790054534738223
Torraye Braggs,4.229546046523248,-1.5799100816673899
Axel Toupane,6.709042037765413,-1.5803764133079314
Kenny Anderson,125.81201155259886,-1.580536702713943
Henry Walker,84.30621296409424,-1.581995123162795
Garrett Temple,219.30347609032472,-1.5855306225054058
Kay Felder,4.258423870567869,-1.5863498262485545
Brent Price,0.8686815891161823,-1.587179047032258
Nick Anderson,0.7956160852356078,-1.588395503097729
Rubén Wolkowyski,1.21405689366116,-1.5887765328822923
Isaiah Taylor,3.9814734493538513,-1.5889321665492675
Greg Oden,4.377558660150206,-1.591110452984982
John Thomas,-0.7015507129810338,-1.5921787678644204
Esteban Batista,-1.7184780880492356,-1.5926308666455364
Matt Freije,1.9841782464445323,-1.5986256353492658
Toure' Murry,8.09016516658388,-1.6004567556695228
Marcus Georges-Hunt,3.468681637664021,-1.6005081845077254
Larry Owens,8.279737215580061,-1.6018258178638036
Justin Williams,1.3186265735030251,-1.602972308804767
Hassan Adams,1.3833703516445581,-1.6049323518552596
Jarvis Varnado,6.841487458785371,-1.605124336774507
Erick Barkley,-0.08690111027169722,-1.6061690023084259
Donny Marshall,-0.6503095794451809,-1.6085039012459856
Kenny Satterfield,-0.7480100638487039,-1.608519865440709
Omar Cook,2.4730104283635157,-1.6125841936564949
Larry Nance,45.89607382682127,-1.613029605006757
Ira Bowman,-0.47997774790583914,-1.613372059798549
Cory Jefferson,7.694201192928382,-1.6137839681667439
Steve Goodrich,-0.5002861925388302,-1.613976186026044
James Ennis,89.28370693091846,-1.6144333384758336
Jordan Adams,7.721830305603255,-1.6149192223512103
Desmon Farmer,0.9091330250764527,-1.6153917466241168
Ha Seung-Jin,-1.8237753273315693,-1.6154724143614039
James Augustine,0.6165837876470954,-1.618500438630678
Shelvin Mack,212.6153947069352,-1.6185695714096278
Spencer Dinwiddie,89.29234151941193,-1.6209861615556413
Junior Harrington,41.51672821428439,-1.6216027666834436
Rondae Hollis-Jefferson,44.55978557977645,-1.623088113251947
Soumaila Samake,-0.594684662468619,-1.6239110897085947
Anthony Miller,0.7558032827831301,-1.6252202710751065
Jawad Williams,4.953435636715328,-1.6263684217305534
Matt Geiger,-1.20891519179821,-1.6279415816170613
Josh Selby,5.3142868396687195,-1.6283027847077785
Felton Spencer,-1.493089051455194,-1.6335645707500501
Yakhouba Diawara,37.44521955696758,-1.6350660832669637
DeAndre' Bembry,1.5763271193238357,-1.6376233148816197
Joey Graham,116.02142507547396,-1.6399437547647353
Sonny Weems,44.568597823496496,-1.6399816557808982
Delon Wright,43.95077604599773,-1.6405274629410336
Justin Hamilton,47.23826257714083,-1.6406744625055203
Lawrence Roberts,-3.9224546644998965,-1.6435986909772105
Doug Overton,39.93992278455944,-1.6442634271761696
Wade Baldwin,1.180757657901947,-1.644325014431101
Kirk Haston,-2.7421393557754894,-1.6481972386297103
Mario Kasun,-3.54418490973327,-1.6498263449170507
Joel Bolomboy,1.0793524284883653,-1.649988246581904
Keon Clark,82.13592536668048,-1.653269971542377
Pepe Sánchez,-2.195444717880288,-1.654191619285825
Thomas Gardner,-0.37082524045947185,-1.655128959669375
Ben Handlogten,0.6281273403871082,-1.6554874923371714
Brandon Hunter,0.3889961448150847,-1.6556248831179998
Curtis Borchardt,0.49911134304048654,-1.6563249604777437
Ricky Ledo,5.272746824723613,-1.6574997906994706
Joseph Forte,-3.1308284192900606,-1.657529395258515
Shabazz Muhammad,128.5137665734058,-1.658571009864143
Shawnelle Scott,-2.8236388541112345,-1.6587719470332474
Byron Mullens,83.8622379775662,-1.6606162344097246
Courtney Sims,-0.6710379043872554,-1.6607484345468895
Demetrius Jackson,0.4916863092396595,-1.6626620665984362
Ndudi Ebi,-0.008237261164704912,-1.6666950515992753
Alex Garcia,-0.0914613938681757,-1.6686754756320976
Chinanu Onuaku,0.13821919962236995,-1.6692355624635646
Jared Reiner,-1.3371235798325674,-1.6704731019967443
Miroslav Raduljica,4.702897463706042,-1.6709201278192158
Brice Johnson,0.0016423657803799063,-1.6710621676679103
Kirk Penney,-0.3284416961661951,-1.6730578144355746
Demetris Nichols,-1.2823034045394142,-1.6737811288575006
Anthony Roberson,32.70764705514562,-1.6744071784433323
Marshall Plumlee,-0.2862080975481075,-1.6776654599005296
Tarence Kinsey,35.37412756233697,-1.6781118349992448
Tyreke Evans,249.41358174143005,-1.6785119549924616
Robert Archibald,-2.2943417282322853,-1.682725686660365
Theron Smith,-0.5199551075839484,-1.6834764013153585
Antonio Daniels,319.99264854710833,-1.6861072221337907
David Stockton,2.3632920216269433,-1.6873525486831127
Jamaal Franklin,3.8986138236780303,-1.687499307028316
Cory Higgins,2.831427978422035,-1.691087321752413
Mitch McGary,4.115885047524465,-1.6934428095412886
Darryl Watkins,-0.15162313560157425,-1.6965953760506483
Jason Caffey,36.68613640672671,-1.6974783189491973
Cleanthony Early,3.749922577144715,-1.6998922021196035
Cezary Trybański,-3.3758813506050847,-1.7042219568383534
Edy Tavares,0.48608589090687326,-1.70706480143925
Andre Emmett,-0.062112321987648544,-1.709918723466619
Mickaël Gelabale,37.60030694722825,-1.7103980641669407
Chris Crawford,76.76067824027857,-1.71215200586168
Ben Uzoh,3.8121020519058106,-1.7134402115052523
Terrence Williams,39.19020555574,-1.7154894044661155
Cheikh Samb,-3.1972306221960367,-1.7170158358320302
Derrick Jones,-2.224033278876118,-1.7179004978092902
Tony Mitchell,0.34861835594732365,-1.7207639615785282
Lamar Patterson,-0.28240455038691215,-1.7222238834591943
Scotty Hopson,-1.3914316179475157,-1.7240691206136005
Viacheslav Kravtsov,1.12417460641459,-1.7248839481763283
Damian Jones,-2.6264016852599354,-1.7256184819582545
Kendall Marshall,85.54162976607749,-1.7291464656755093
Justin Dentmon,1.1461485720948168,-1.731012764227411
Jack Cooley,0.26117993679945317,-1.731540429162204
Corie Blount,76.80041547331578,-1.7335028458023938
Kyle Anderson,83.75593740856166,-1.7352948193223061
Rakeem Christmas,-0.9946993588880614,-1.7367557023609121
Hamady N'Diaye,1.5599650728558065,-1.741105382447907
Shayne Whittington,1.5786725306466822,-1.7458952324785044
Marcus Fizer,155.01703805548362,-1.746176942550416
Xavier Silas,-1.7952099387354503,-1.7507801727598022
Dajuan Wagner,78.12504675123738,-1.7517568215623038
Jake Layman,-4.080758506665789,-1.7563234210763876
Ognjen Kuzmić,0.4680523436701507,-1.7588122458112276
Georges Niang,-4.352066342863306,-1.7595705649040765
Tornike Shengelia,-0.6787171186423069,-1.762739529718527
Jon Brockman,1.3460484085064481,-1.7653084098091498
Will Conroy,-3.2944407398837408,-1.7657518711408113
Cameron Bairstow,0.7950475415913376,-1.765961240062658
Charles Smith,28.95433919533969,-1.7688529611673685
Chris Singleton,34.45415306869139,-1.770458373300189
Jerome Jordan,0.3283350060069561,-1.7783062429755907
Dion Glover,118.3946442455192,-1.780263640520551
Christian Wood,-3.162368832665813,-1.7804718251726919
Eric Williams,191.0933766488839,-1.7804980021484331
Devyn Marble,-0.11483437717345701,-1.7818254083478953
Robert Horry,230.7553822891334,-1.7899272306290446
Russ Smith,-0.7776231370169198,-1.7965467837573992
Steven Adams,122.31050882044308,-1.798915869779803
Mustafa Shakur,-1.1753695433778732,-1.8004239259798873
Larry Drew,-3.147697986416404,-1.8042069781871546
Jarell Martin,35.93663368036944,-1.8070236590734425
Semih Erden,-0.5870757371500136,-1.8081797038396745
Britton Johnsen,-7.123163633146783,-1.811009292678233
Moochie Norris,154.32042724511666,-1.8134214711166048
Othyus Jeffers,-2.009073646456102,-1.8184225621182206
Darius Johnson-Odom,-3.4335596496998537,-1.8210582332450167
Justin Anderson,34.71569320158096,-1.8383481346847161
Maalik Wayns,-4.347553129962995,-1.8410112963667984
Tyler Honeycutt,-3.5258378576000453,-1.844645488829626
Austin Daye,119.72084543649838,-1.8449305659761595
Sam Young,37.538656277273205,-1.849720080949555
Craig Brackins,-2.888763467877177,-1.8591181413287083
Richie Frahm,66.22891718981722,-1.8610311683316274
Rashad Vaughn,33.508551802314656,-1.8634463360723428
A.J. Price,116.87465937235406,-1.8657855489094586
Gal Mekel,-4.73740417667016,-1.8713575515627188
Tracy Murray,70.35810327299231,-1.875408776839162
Charles Oakley,70.52044986240554,-1.877704496845546
Sebastian Telfair,256.3005708247071,-1.8931262582707304
Terrel Harris,-6.035136093983266,-1.8936360325997739
Clarence Weatherspoon,111.08031498037242,-1.90272879016957
Žarko Čabarkapa,23.8528489415119,-1.9041427490986496
Bryce Drew,68.81142853609602,-1.9065837087554294
Eric Maynor,73.60696011211267,-1.9198851780286343
Donté Greene,28.96464548622064,-1.9248862371572555
Greg Foster,24.918749725905748,-1.9277286999567058
Javaris Crittenton,-13.08085882654484,-1.9341124687832303
Solomon Alabi,-5.98919209775597,-1.9346198786468214
Joe Young,29.194964394993445,-1.945382439373837
Ime Udoka,136.5791995517264,-1.9608740433869123
Craig Smith,103.61068490276854,-1.9655443218118243
Eric Snow,228.01922527546964,-1.9687572965759945
Jordan Hill,195.61898313807853,-1.9715309951288296
Boban Marjanović,28.18638209310279,-1.9723466098357803
Brandon Armstrong,22.564647434354626,-1.9801468857457896
Alec Burks,193.23875465837278,-1.9859440896267633
Zoran Planinić,19.336414842237367,-1.9985806717644037
Terence Morris,18.112999024789115,-2.0017579201513382
Jackie Butler,18.919216194101942,-2.0056788186406846
Giannis Antetokounmpo,111.69537184461315,-2.009153471870165
K.J. McDaniels,28.679208057035794,-2.0238684085317313
Todd MacCulloch,19.610779089368844,-2.025301381125241
Shandon Anderson,142.59574355303664,-2.0283222114781037
Josh Harrellson,24.828434223283978,-2.029556876740217
Jusuf Nurkić,68.60627223574156,-2.0352907144973282
Markel Brown,27.944179821483175,-2.036444438306991
Scott Padgett,179.02456035684682,-2.037391744783678
Perry Jones,28.8774134654043,-2.0430213105784487
Obinna Ekezie,18.651219196791573,-2.0458488725836466
Joel Freeland,28.06126861192395,-2.0571414348617822
Randy Brown,17.804563454483265,-2.0633914028994464
Solomon Hill,108.16081259426586,-2.0681086060770415
Shaun Livingston,378.63952915752924,-2.0696116776733953
Maciej Lampe,15.949668075367388,-2.082972546818505
Don Reid,16.222850862677817,-2.0897967531466692
Richaun Holmes,22.342264517737497,-2.098495776726442
Pat Burke,13.333357025046936,-2.1011059281121325
Kendall Gill,100.77469345869426,-2.106076686837583
Gustavo Ayón,21.88200425771425,-2.1080122712890494
Keyon Dooling,366.47064680572595,-2.1087676869966194
Rod Strickland,100.71230756484101,-2.10920925242895
Jeffery Taylor,25.47412677269523,-2.1128380035632475
Tyler Zeller,145.58377546604905,-2.1165820171636227
Derrick Coleman,100.6094878195573,-2.1216199522774404
Michael Doleac,214.03979935377725,-2.12754115630408
Julian Wright,19.53793553037226,-2.130328832707653
Billy Thomas,12.029052142943891,-2.143896287161871
Malik Allen,256.56910860636356,-2.1582560993531557
Quincy Pondexter,141.25322203849493,-2.1602004124301084
Quincy Lewis,14.329033995342954,-2.161443652323922
Al-Farouq Aminu,229.84220580472072,-2.17038327936374
Johan Petro,165.8037017121196,-2.172957843643493
Mark Strickland,11.927865603347646,-2.174391269521904
Greg Monroe,221.13849722567645,-2.1866216788945083
Taj Gibson,183.35769769575245,-2.1876572234078924
Patrick O'Bryant,12.043646966287952,-2.193139783474548
Willie Reed,17.03822767592921,-2.197288579506271
Lindsey Hunter,256.4820914519211,-2.200593435921637
Darrun Hilliard,16.998374494479876,-2.2027704569165394
Devean George,249.40943090054716,-2.211734808543521
Alton Ford,10.838062098446283,-2.2196987208610297
Henry Sims,61.32772698146639,-2.2231721686172863
Austin Croshere,252.3763317240411,-2.226689321789826
Art Long,9.123954427782037,-2.2284243987202492
Brevin Knight,244.27548925883767,-2.229983129377567
Cristiano Felício,15.193776397997137,-2.2355646820105335
Dwight Buycks,17.196508407724657,-2.2379210007920802
Carl Landry,213.81686378761628,-2.2415465305653006
Rafael Araújo,6.6645533906886,-2.2429018435608477
Orlando Johnson,17.70302221394986,-2.2471560485537165
James White,12.719879651248194,-2.248525272429395
Josh Boone,9.470802524072765,-2.2526510897596843
Mardy Collins,8.865843308193774,-2.2600033917864053
Sergey Karasev,18.274492177569815,-2.260368588496985
Sean Williams,12.207793924178336,-2.2605375116255493
Mengke Bateer,8.240531853335103,-2.2695882372122362
Avery Johnson,49.69571045766284,-2.277553885056401
Devin Brown,158.07773684212063,-2.2778525209923535
Derrick Dial,8.340708386542458,-2.2778891453846732
Frank Williams,9.569069518750535,-2.28280400923026
Nate Wolters,15.080624973815324,-2.2845828908926693
Cartier Martin,134.084659254572,-2.2848212728350967
Alan Williams,13.0320570568142,-2.2851829206826233
Popeye Jones,49.024882851615764,-2.2856078137835283
DaJuan Summers,15.838909552964395,-2.290583985654703
Monty Williams,5.857573308634898,-2.2932044819609567
Kyle O'Quinn,139.04753974510044,-2.306304309262881
Ryan Kelly,55.89798999042227,-2.307452488047489
Vitaly Potapenko,168.07880826336086,-2.309775319394486
Reggie Slater,4.726228651634089,-2.3151123865065064
Mark Bryant,4.598516960259488,-2.3160983113235436
Justin Reed,3.3615227697084995,-2.317347794552576
Keith McLeod,42.246634943039254,-2.317879032134556
Jeremy Tyler,13.705976029539764,-2.3180762952892415
Scott Williams,89.65190323931725,-2.3207731101619045
Shawne Williams,170.2086179161256,-2.3216987351023852
Laron Profit,2.7293380162327496,-2.3230173424068665
JaKarr Sampson,13.462395914555671,-2.3235806458700754
Reggie Williams,129.58193534498164,-2.3242163859698373
Jeremy Richardson,6.000022164427097,-2.326354568491851
Anthony Brown,10.724306633986023,-2.3291481667303295
Tom Gugliotta,87.51147252139937,-2.330713332348365
Josh Huestis,10.213684614473346,-2.33774260913974
Olumide Oyedeji,3.5090369725003874,-2.3382326368369073
Marcus Haislip,6.569826976801908,-2.351074659727067
Andre Brown,4.73411620800662,-2.3515127449669895
Chris McCullough,9.493749730767684,-2.3550723219129877
R.J. Hunter,9.058641762177134,-2.362787302206967
George Lynch,86.28607672336845,-2.3660297446597665
Reece Gaines,2.2708562077130643,-2.368071012745255
Jordan Hamilton,93.31390814434756,-2.369631312724607
Lavor Postell,1.6875457949283654,-2.373726962747452
Antonio Harvey,1.5566982090070842,-2.375975838987986
Shawn Bradley,85.72083543381218,-2.3777357480592114
Victor Claver,12.919658555509207,-2.378092619618343
C.J. Wilcox,11.615624622986836,-2.379725825363769
Jeff Trepagnier,2.820280338164577,-2.380194788990016
Kirk Snyder,39.83904118436381,-2.389422687125954
Tamar Slay,4.517749933281726,-2.389878051494309
Chris Dudley,0.7070444395070294,-2.3928593233398394
Tariq Abdul-Wahad,0.6348362338472291,-2.3945699221083183
Dwight Howard,390.5611997722257,-2.396795992729397
Mouhamed Sene,2.43077022110133,-2.403992552208179
David Harrison,37.842732489381255,-2.406051551227783
Pape Sow,-1.3805892035804739,-2.418139457868156
John Amaechi,-0.8507744529502039,-2.4232750757458597
Evan Eschmeyer,-0.9501549270007752,-2.4257135444633064
Alan Anderson,202.98566966738312,-2.426556427664612
John Henson,132.92712051641357,-2.427357248438108
Morris Almond,4.323514220598083,-2.4279566662084062
Kaniel Dickens,1.9910423254196687,-2.4456540463303225
Marcus Williams,76.02590107968399,-2.4458607608769922
Lester Hudson,9.78900324522316,-2.450222851162198
Julius Randle,48.9607573261331,-2.451378239926329
John Jenkins,90.98275184137364,-2.4518634323310304
James Anderson,92.51026542012025,-2.452413299873778
Paul Shirley,0.3186626906883808,-2.459661367241881
Blake Ahearn,2.8674632684316457,-2.4600949633090776
Festus Ezeli,9.287812231686761,-2.4657543362281964
Amal McCaskill,-1.8104438010712836,-2.46892599076644
Michael Carter-Williams,88.59365961900656,-2.471388346297812
DerMarr Johnson,157.84215170404963,-2.4728524540077883
Quincy Miller,8.528609012596025,-2.47642922902846
Ruben Boumtje-Boumtje,-2.2736032594420816,-2.477375881568908
Qyntel Woods,37.13932813129278,-2.4786156215946713
Earl Watson,359.5460859718779,-2.4800168821442217
Bob Sura,76.87226112281974,-2.4812692432892884
Randolph Morris,-1.4006562644864586,-2.487087198618235
Landry Fields,85.7222011442526,-2.4881150024810226
Joffrey Lauvergne,47.81969345216294,-2.4885392538656497
Josh Smith,344.0010343792814,-2.4887007699647277
Salah Mejri,2.5284294008155817,-2.495922623845725
Marc Jackson,152.93515985467317,-2.4986828280164093
Rajon Rondo,325.04572618801444,-2.502810386335713
Dan Langhi,38.53438918868493,-2.5031825941771837
Acie Law,2.400032265527148,-2.504482393285488
Briante Weber,1.7079822549619341,-2.510767016331014
Ryan Humphrey,-2.5970978733544685,-2.5133513453597196
Tyler Ennis,45.49486363372233,-2.5194117376134173
Dalibor Bagarić,-5.97856267779326,-2.5228387450935195
Bernard Robinson,-6.276574248765055,-2.5229076222892157
Paul Davis,-3.2418692961111537,-2.527814674278193
Jorge Gutiérrez,5.515725166351812,-2.52804646329698
Tyrone Hill,36.650575491975665,-2.533730924255064
Quincy Acy,128.43671470536376,-2.5379325548521954
Cedric Simmons,-3.8149756174912293,-2.5395513967342023
Travis Knight,-6.941356985574974,-2.541337702501062
Awvee Storey,-6.70282302265925,-2.541963256187625
Arinze Onuaku,3.133606959173338,-2.5442581925495458
Eric Moreland,3.119875302999986,-2.546640367608622
Damion James,4.752356128518394,-2.547967994882913
Lazar Hayward,5.327743927764412,-2.5481518450049485
Maurice Harkless,129.16719739138668,-2.5500772408467967
Jordan Mickey,-0.20459906478808298,-2.551014461047469
Cherokee Parks,35.73875726675297,-2.559146289678067
Elijah Millsap,1.8797132729009327,-2.57394316300819
Pops Mensah-Bonsu,-1.4658098970232212,-2.578909956190238
Ish Smith,212.17547154291768,-2.581055017467619
Tim Frazier,42.80430695020297,-2.58160662303213
Chris Wright,1.8156509572380348,-2.583811663635614
Jarnell Stokes,1.4068483780690775,-2.5923286920320963
Justin Harper,0.9863561732736734,-2.5937257851792386
Marquis Teague,-0.8629091417507926,-2.596551887174086
Malcolm Lee,3.852020976026522,-2.5967279425326346
Phil Pressey,2.039734396519826,-2.5976222274664504
Bimbo Coles,33.382710368696856,-2.5996145397780595
Tony Massenburg,74.28579379417894,-2.602342624013673
Trey Johnson,0.4047964958581436,-2.60303881129182
Robert Sacre,43.6329673150913,-2.604897661575962
Mike Harris,-0.36889078980753176,-2.605218173426111
Daniel Orton,0.9488327427903189,-2.6068437619225766
Michael Curry,75.09431893052931,-2.6091225279980037
Mario West,-2.563038492817256,-2.6128817728723197
Primož Brezec,144.71680640805656,-2.6148208470592964
Joey Dorsey,1.2408962752474166,-2.6153738319665925
Kevon Looney,-3.566808304145421,-2.618916999024777
James Johnson,169.63950871655908,-2.626041270405413
Dexter Pittman,1.895710637890992,-2.626251245387622
Devin Ebanks,1.952952562031549,-2.6277770442582953
Robert Pack,31.581323735368365,-2.6355263432042144
Vander Blue,-1.784786443173696,-2.638825004919908
Tierre Brown,29.458246391822446,-2.6415687421445977
Emeka Okafor,219.0628635247096,-2.6469770616017048
Aaron Harrison,-4.91380139770174,-2.6484143678532788
Jerami Grant,38.71382426200816,-2.652133973929258
Bernard James,-2.1155732149014717,-2.699733099609879
Dewayne Dedmon,77.74830014641907,-2.7094410065272094
Samardo Samuels,-2.2769901654874016,-2.711955742704398
Lavoy Allen,115.7595312859137,-2.7326641134065746
Greg Stiemsma,34.71655748384036,-2.7351486936581892
Andrew Bynum,132.83259407956663,-2.7542645512999577
Dwight Powell,32.887766293091765,-2.774045018129623
Robert Swift,21.448580816001417,-2.778881224363987
Dominique Jones,-4.476545617942384,-2.785211569976686
Alexis Ajinça,114.15122809848172,-2.8038125138499614
James Singleton,20.832205737965705,-2.8055897748167347
Kedrick Brown,21.055642839502354,-2.824625883672989
Mike Sweetney,19.387480944749424,-2.832094024148732
Jason Hart,131.38792043333277,-2.8557240779554722
Noah Vonleh,28.98062119644706,-2.8572675790222655
Jan Veselý,-8.80324550248786,-2.8622355786966915
D.J. White,60.2603159059089,-2.8714461124253976
Jon Leuer,150.8444154183211,-2.8727617113149133
Donald Sloan,72.03422539042684,-2.874371588349683
Wang Zhizhi,60.13682251625757,-2.8829053374397473
Glen Davis,144.04386981623207,-2.8934580606726996
Jacque Vaughn,217.55305975196836,-2.8973498350620077
Terrence Jones,69.60186550669873,-2.916156959739551
Luke Jackson,13.179467401985768,-2.929233223438581
Adreian Payne,24.84057682910707,-2.9305204429124565
DeJuan Blair,103.92730129430899,-2.939011183741479
Ansu Sesay,15.378806670740914,-2.9504613147671974
Quinton Ross,92.22285360644935,-2.9562991332236725
Jabari Smith,14.62949821021267,-2.962471674977214
Lawrence Funderburke,13.842491855964017,-2.9711791586214535
Andre Barrett,10.734465789204986,-2.978688172986416
Daniel Santiago,13.518077571994912,-3.000267577430904
Manny Harris,20.425620891491587,-3.003466356405676
Johnny O'Bryant,21.538033346436514,-3.01294941046702
Vladimir Stepania,11.61029930260404,-3.020357616797927
Elliot Williams,21.218256421800675,-3.0398872624259567
Maceo Baston,10.068754513295799,-3.0402440530230788
Alonzo Mourning,128.17014455266036,-3.0511184598830803
DeAndre Liggins,18.73839175037969,-3.0557873216541926
Jonathan Bender,90.59843097667817,-3.059369629431461
Kenny Thomas,205.5373210569063,-3.0599043319689234
Viktor Khryapa,7.288984580707764,-3.061469578437709
Nikoloz Tskitishvili,8.079578046136046,-3.0626345613382124
Aron Baynes,102.88144716097347,-3.06430854843898
Vin Baker,88.26730178049603,-3.0703088483188203
Lance Stephenson,187.09911539222776,-3.0891094320464547
Leon Powe,12.427012066710184,-3.0955298728444793
Darius Morris,19.75626699970836,-3.0977100944907714
Rick Brunson,82.31265515382118,-3.1050005426602296
Jermaine Jackson,3.2027339403000994,-3.106434163969404
Lorenzen Wright,208.89915477333818,-3.106799691485207
Stephen Graham,46.12972626117813,-3.109586350041016
Josh Davis,8.040230827296314,-3.109710786041878
James Young,16.027581021829832,-3.119468401175039
Lonny Baxter,4.177649456819649,-3.132613575605493
Tremaine Fowlkes,6.163725485207551,-3.1409743170252504
Darius Miles,120.86703705589136,-3.1672981670268467
Orien Greene,6.215963123639493,-3.1678576145673887
Lance Thomas,140.44454694392022,-3.180565163582383
Derrick Williams,135.47838485978718,-3.197503909065892
Clint Capela,11.442752689721612,-3.218935070640198
Dee Brown,1.4427726515603139,-3.221308875304853
Kenneth Faried,133.45291030552892,-3.2229236698674995
Jason Collier,40.21238251449461,-3.232409658791394
Dwayne Jones,-1.6085144209026705,-3.236688578320007
Nikola Peković,94.79569684662866,-3.249666506799074
Tristan Thompson,134.10312045485745,-3.2647009640329996
Tyler Hansbrough,90.46466992617762,-3.2672001399737463
Damone Brown,-0.3625600823148223,-3.2684963753347858
Julyan Stone,8.439348199350114,-3.272176833269087
Mark Pope,-0.03767679684239289,-3.2727562374402086
Nerlens Noel,8.409401790175538,-3.2825735659940367
Jamison Brewer,-1.050312546955014,-3.28731941126403
Chris Douglas-Roberts,50.87324136188246,-3.2982012165183012
Antoine Wright,36.25881040051498,-3.311875065182679
Earl Clark,53.01113012275752,-3.3326635552831863
Jerome Williams,37.73459201793182,-3.3328328913564915
Anthony Goldwire,32.998659225487145,-3.336306668430664
Chris Mihm,154.78178802956018,-3.3682125528398426
Tarik Black,3.4876019733636237,-3.3697598634849086
Hamed Haddadi,5.162629518567748,-3.3833980311540017
Lorenzo Brown,3.7780765716496187,-3.393775398441662
Fabricio Oberto,32.75963830594515,-3.400522192864802
Derrick Favors,170.4774043139227,-3.4008408239425405
Maurice Ager,-1.782126357566875,-3.4055596453879478
Thabo Sefolosha,280.43203767393595,-3.4074684004332294
Donnell Harvey,33.31116851637197,-3.4320535498582228
James Michael,0.824871274524285,-3.438495412829391
Kosta Koufos,208.33579848456608,-3.440491673635954
Kyrylo Fesenko,-0.49017495774215514,-3.4449109329658865
Speedy Claxton,107.05480558462212,-3.4508119336475116
Lucas Nogueira,-0.8404655824660274,-3.471453814940917
Von Wafer,65.78808462027045,-3.477543080664846
Anthony Bennett,-0.07677512519501573,-3.485836230194333
Robert Traylor,28.632362120214548,-3.4879487958224096
Jared Cunningham,1.557521183869011,-3.4944329529896887
Bruno Caboclo,-2.5617380115345343,-3.506029319334024
Andre Drummond,82.30298063355778,-3.5089888831184117
Xavier Henry,41.06150498414645,-3.535963320526075
Milt Palacio,64.22226318390955,-3.5386116785328112
Hasheem Thabeet,0.14168157219009103,-3.5440151252444494
Ramon Sessions,228.20189170509306,-3.5571664834091647
Archie Goodwin,-3.6580496550997097,-3.565150953440092
Samaki Walker,64.22156130550134,-3.572212107883985
Jelani McCoy,24.46060849102739,-3.5858198227713416
John Lucas,137.59973448830797,-3.614195565013453
Cody Zeller,33.8964633491405,-3.6166152734137413
Damien Wilkins,179.98841174199933,-3.619582083040212
Hakim Warrick,103.18736966596865,-3.6283648104315995
Stanislav Medvedenko,99.6432953501583,-3.6343312326156316
Stacey Augmon,59.80676591881852,-3.6448889068334216
Malcolm Thomas,-5.484679821584651,-3.6534563899712564
Andrew DeClercq,20.411288361919844,-3.675471112301415
Tony Wroten,-7.611263065039193,-3.685547425654787
Kevin Willis,61.33374908813643,-3.6986488831203825
Shelden Williams,22.5186737691827,-3.7584229214381484
Shannon Brown,131.870216171539,-3.7717166536778195
Mason Plumlee,25.269572584822566,-3.788093432470519
Jahidi White,14.537643517080452,-3.7905719764554338
Tony Battie,214.7304864327865,-3.8062507979349713
Amir Johnson,296.8489702045366,-3.8246307959297017
Marcus Banks,93.2575234684988,-3.855214852381474
Darvin Ham,10.848352863114766,-3.8591138963273233
Trevor Booker,145.00007781643154,-3.8704630949818832
Jérôme Moïso,10.467629419302417,-3.8714270666624433
Josh Powell,50.38023980093178,-3.880558827082785
Anthony Randolph,19.414997379642667,-3.9204416466233774
Jeff Ayres,22.674392685921223,-3.924059459516466
Ike Diogu,49.62141042051926,-3.930859353982478
Michael Bradley,3.0520143116555314,-3.946914166477226
Jeff Adrien,23.078225360170475,-3.955076596110468
Jamal Sampson,3.3409497986465926,-3.9588531826019158
Bruno Šundov,4.735015083891597,-3.973741582729235
Hilton Armstrong,11.21924949527362,-3.9811696084610926
Luke Walton,163.93846071385317,-4.006216642434776
Ervin Johnson,41.28634643778125,-4.007999998507338
Mamadou N'Diaye,3.211859055170984,-4.0158269263157935
Jeff Withey,13.295793485535233,-4.039106512434701
Will Bynum,91.40071121839799,-4.049047955479487
Dominic McGuire,10.440829427709865,-4.054670911014506
Ed Davis,133.89045146244857,-4.071616263017429
Greg Buckner,155.21451590800262,-4.087208546591722
Ekpe Udoh,49.55719202460482,-4.113082106675314
Michael Stewart,-2.2895036631007466,-4.1134399254101375
Mike Wilks,34.56243712743684,-4.122671575382055
Andre Roberson,9.520555604680787,-4.124955688139921
Sasha Pavlović,155.56294565523825,-4.165401066498266
Greg Smith,10.829813610242704,-4.179886628820037
Michael Kidd-Gilchrist,48.780356740110705,-4.185148541247571
Alex Len,4.509034623052882,-4.2224379250664095
Adrian Griffin,108.92243575300508,-4.282307114883068
Ronnie Brewer,75.05223437574672,-4.285268100624682
Dale Davis,70.28114621080599,-4.29169794111021
Mateen Cleaves,26.700146557692605,-4.2998328067098734
Aaron Williams,108.92251017845093,-4.304287374680194
J.J. Hickson,81.14604910465634,-4.338570529692372
Linton Johnson,24.07079147179251,-4.343220708849932
Adonal Foyle,146.07810956411305,-4.357837018644118
Miles Plumlee,38.13043891547255,-4.4086507882706165
Aaron Gray,33.12758046035016,-4.453606432763172
Thomas Robinson,-6.239491106001617,-4.4927005088539245
Eddy Curry,180.78706101382687,-4.513951012223763
Andray Blatche,102.25081403278936,-4.537222156317899
Renaldo Balkman,-14.566879521600463,-4.562549397542043
Danny Fortson,53.6277426274041,-4.571861714853314
Didier Ilunga-Mbenga,16.213468186177906,-4.603342647277328
Ira Newble,89.0909684417798,-4.666605667702579
Randy Livingston,6.093879531523264,-4.686378820600151
Jason Maxiell,129.89879334109784,-4.698426863981898
Alonzo Gee,63.50636148069532,-4.706765758102992
Rudy Gobert,-19.292966995428195,-4.718225412318449
Zendon Hamilton,4.255177170639119,-4.7317139036895455
Josh Childress,56.42501942074851,-4.73407186616072
Greg Ostertag,4.686426654736993,-4.73704412365775
Eddie Gill,44.16464683911988,-4.749175993922035
Marquis Daniels,132.9670907825592,-4.77345692869244
Tyrus Thomas,54.55851060958021,-4.791154887714962
Samuel Dalembert,240.0952826910982,-4.819353655308051
Ronald Dupree,6.6277798328971285,-4.8274127886831675
Jake Tsakalidis,40.030315770705506,-4.837244147099013
Darko Miličić,82.08929222823828,-4.857063729579045
Brian Cardinal,197.84637117325832,-4.889025525617759
Luc Mbah,139.57092006685707,-4.920470829994282
Loren Woods,-5.595221640880057,-4.938812004937019
Stromile Swift,115.72245854549567,-4.942960700919175
Jerome James,74.12975206686166,-4.950273978370271
Tiago Splitter,53.94839966462016,-4.953831609013159
Royal Ivey,117.0246268981229,-5.0197583997451805
Etan Thomas,71.48143613866858,-5.082152883257768
Darrick Martin,26.82677910680691,-5.096710795879131
Theo Ratliff,156.7332096663463,-5.106322109438016
Alan Henderson,26.219776644681254,-5.121915498810608
Malik Rose,106.06827329837922,-5.138551439918386
Dikembe Mutombo,106.90760763549164,-5.1510829825675675
Josh McRoberts,125.47003943742232,-5.153734215634739
Francisco Elson,70.52032828198872,-5.1740923245032135
Udonis Haslem,305.0955090939025,-5.236277564147822
Chris Johnson,45.6506494990157,-5.240170520846884
Timofey Mozgov,80.07625060258117,-5.2424039737708705
Larry Sanders,2.07340431740552,-5.245344053395198
Melvin Ely,106.76845686638178,-5.255234874201672
Brandan Wright,154.9181585019339,-5.28557711004332
Brian Skinner,137.22322988793647,-5.332492758040541
Kenyon Martin,309.4854846239991,-5.362163799891832
Ruben Patterson,51.16924370272765,-5.365762710832211
Mikki Moore,126.00086837528893,-5.410333293946494
Kevin Ollie,91.74014303546895,-5.442838443962763
Kris Humphries,213.81725971643763,-5.451785617149256
Corey Brewer,146.40226612851134,-5.456572658066785
Steven Hunter,7.8590300132642055,-5.477002126183035
Kelvin Cato,4.120645345195818,-5.525904408455493
Chris Wilcox,125.98383710504129,-5.650129275587168
Brian Scalabrine,121.42044195089078,-5.686019417788541
Jeremy Evans,22.268447417824074,-5.6897501018271495
DeAndre Jordan,97.194249383561,-5.693245156245056
Solomon Jones,11.818948799544305,-5.7216897477334205
Earl Barron,8.436610193913012,-5.785994168814418
Scot Pollard,30.057583369066144,-5.854006883875839
Shavlik Randolph,-0.7365539782848503,-5.870555720413009
Bismack Biyombo,6.660380840605354,-5.917466222195809
Cole Aldrich,48.63007224356452,-5.972340253262164
Bo Outlaw,23.680041277213576,-5.994702790430984
Ronny Turiaf,30.93086391884653,-6.0639659012258855
Andrew Bogut,187.06944146478082,-6.149158503241297
Sean Marks,15.74074469052179,-6.217673019041113
Marcus Camby,173.322033071265,-6.249678384266956
Calvin Booth,48.96999974297296,-6.30491941378363
Ryan Bowen,4.1681618996973775,-6.384296235453033
JaVale McGee,61.08752363922836,-6.4162672814820505
Gerald Wallace,199.72448513442737,-6.4290068540356895
Ian Mahinmi,61.79061947668504,-6.478745855086406
Andrei Kirilenko,164.83295489164067,-6.5713026178040765
Jarron Collins,38.13752793029738,-6.602808619055108
Jake Voskuhl,28.844259247925073,-6.694913702082595
Andris Biedriņš,36.989640440860725,-6.747086235276219
Nenê Hilário,232.49427683328372,-6.908854675466698
Michael Ruffin,-21.720559711254552,-6.928536563653045
Joakim Noah,74.67619800317887,-6.954330156214524
Dan Gadzuric,24.148382330100155,-6.957561913159726
Ömer Aşık,-3.307537185049397,-7.043848727896032
Anthony Carter,91.70014568648575,-7.123145723176945
Ryan Hollins,26.731405653822932,-7.206568680679177
Mark Madsen,-2.1403870378257985,-7.322456537188259
Erick Dampier,85.74275286848875,-7.333539532275652
Joel Anthony,15.557484964324768,-7.4410006357998775
Chuck Hayes,47.45465954291933,-7.458323350099088
Kwame Brown,81.60503648307234,-7.475459855337464
Ronnie Price,85.69424233725503,-7.524379577180791
Eduardo Nájera,73.07657842293324,-7.534136300544027
Dahntay Jones,110.55798926350874,-7.6346904971944705
Lou Amundson,1.333418877444168,-7.7363312405796965
Jamaal Magloire,66.47114247527712,-7.767679684387857
Anderson Varejão,98.4756925676558,-8.100353846487787
Kendrick Perkins,125.85308673369673,-8.312458126724477
Nazr Mohammed,201.37275411263832,-8.355030851507523
Nick Collison,116.4317996779611,-8.509425598629253
Jason Collins,61.14863412827584,-8.7697947375427
Jared Jeffries,-20.154202072132563,-8.804876689336798
Jeff Foster,9.450134072575255,-8.855798859943581
Brendan Haywood,46.21947228526112,-9.05853315040454
DeSagana Diop,-2.481394611895489,-9.21059473965329
Zaza Pachulia,119.49875762006344,-9.214015663836971
Tony Allen,66.10562859586295,-9.53444277174308
Joel Przybilla,4.3987915350094635,-9.86122688746624
Reggie Evans,3.291303327296422,-10.058989864954306
Ben Wallace,-63.486134304699675,-10.397419873433527
Chris Andersen,0.8040541302419975,-11.756163453389636
Tyson Chandler,77.83325661401628,-11.808074709424897
